cdf,prefill_time_execution_plus_preemption
0.0,0.06137581170821704
0.01,0.0775898120373698
0.02,0.08080486082328804
0.03,0.08296556881689114
0.04,0.08501824816101859
0.05,0.08619337336600949
0.06,0.08795974080281113
0.07,0.08920525846296172
0.08,0.0970762597762473
0.09,0.10040720223000633
0.1,0.10526145746453679
0.11,0.11111579809483992
0.12,0.11519139339834851
0.13,0.11741533546882707
0.14,0.12645477903526556
0.15,0.13649588614785416
0.16,0.142147758620913
0.17,0.1572673013927875
0.18,0.16079235546674525
0.19,0.16136491109938433
0.2,0.16355926019635092
0.21,0.16888995163697265
0.22,0.18731829460416666
0.23,0.19446584752232468
0.24,0.20542777934679635
0.25,0.23313564450052726
0.26,0.25582886094824775
0.27,0.26731440807672296
0.28,0.2936647588889242
0.29,0.3358917814203376
0.3,0.3490147293910866
0.31,0.35446393761679235
0.32,0.3609593568097843
0.33,0.36447716229084304
0.34,0.37310133554636277
0.35000000000000003,0.3762991761662917
0.36,0.38127467044633256
0.37,0.38279806203655664
0.38,0.4232762868671189
0.39,0.4415696324412625
0.4,0.4743217821412096
0.41000000000000003,0.49452711772335783
0.42,0.5009092858134381
0.43,0.5176428392592942
0.44,0.5247076730741344
0.45,0.5450204823115153
0.46,0.5597446762281441
0.47000000000000003,0.5666464032989851
0.48,0.570330662178369
0.49,0.5948199407195166
0.5,0.6184105978324084
0.51,0.6314321213195946
0.52,0.6405685087676933
0.53,0.6649977969699358
0.54,0.6843685509941195
0.55,0.7196236292926007
0.56,0.7393401702025193
0.5700000000000001,0.7580276760312189
0.58,0.7848424894720998
0.59,0.7970505959940217
0.6,0.8083127666860975
0.61,0.8371376253328738
0.62,0.8518121181674537
0.63,0.8740213653732662
0.64,0.910696440691915
0.65,0.927180200549288
0.66,0.9451130024092538
0.67,0.9523138177426022
0.68,0.9941386401758028
0.6900000000000001,1.0173619654271353
0.7000000000000001,1.035770730892237
0.71,1.0896287560706892
0.72,1.1142803375975998
0.73,1.1254308475132166
0.74,1.156229363314279
0.75,1.167037062723196
0.76,1.1833369344558025
0.77,1.2033310851945287
0.78,1.3254091834648538
0.79,1.409582537992459
0.8,1.4412636820572988
0.81,1.4835519671400739
0.8200000000000001,1.6669567819709916
0.8300000000000001,1.7236227988611224
0.84,1.7859761930557225
0.85,1.8495365432408775
0.86,1.9063107023039607
0.87,1.9359657384769644
0.88,1.9731360233692554
0.89,2.0206464230259624
0.9,2.139821386989331
0.91,2.1997289776685016
0.92,2.660042073008784
0.93,2.953152885870633
0.9400000000000001,3.368129930158207
0.9500000000000001,3.915352357556238
0.96,4.428117969870749
0.97,7.454097743924597
0.98,9.586653949218398
0.99,10.523491575414308
1.0,16.9444411770032
