Request Id,request_model_execution_time_normalized
4,0.12348679709263301
3,0.016257450826143383
5,0.025027199128997677
0,0.017060320278738623
1,0.016982756054643718
10,0.04946566573940704
14,0.05656175787877938
6,0.04433208428811738
8,0.043683051089674706
2,0.030301202892654394
15,0.036855688836117596
7,0.04526345404843441
24,0.05383770931423219
13,0.035337856833313995
26,0.03269661567995812
11,0.05903704816448252
16,0.03544944616156668
9,0.042347615501516354
28,0.0686993157418302
33,0.5566261675817371
19,0.03783104049086687
17,0.036296872566638265
12,0.034769279848898396
20,0.03974140498214386
36,0.03240643928238802
25,0.04676219813805935
22,0.034971104896807485
21,0.03452574785857174
34,0.03964228389338074
32,0.033096075264910915
31,0.0350984952844264
45,0.04607742692503361
37,0.032586078809895995
41,0.03867342055784358
44,0.039156036807875036
42,0.03843397354446119
43,0.035250719587313226
29,0.03491527336425142
35,0.03678496920945847
30,0.03426387351428764
47,0.03620903417812806
18,0.03609159897432303
57,0.04111216057746873
48,0.03641917314518508
23,0.035451385957490256
52,0.03657867056448757
39,0.03453410706202918
27,0.033875378197684124
38,0.03438028789546513
49,0.03961892280863156
56,0.03751326070815062
40,0.03417535590173044
63,0.03218347649118781
46,0.035143319003327796
67,0.09104010214881386
51,0.0339297665870468
64,0.039421439765217406
65,0.03356408603518333
54,0.035438253762611095
58,0.033414113223918705
73,0.6900818070849749
50,0.03869031222551602
61,0.03520460552036779
55,0.03801151654172543
59,0.033888119345345365
53,0.03699360813837792
71,0.03946465135564792
66,0.034921394611190516
60,0.0362791537895209
79,0.032305476637673775
70,0.03679533254759295
62,0.03609472308060196
69,0.03602532634897205
84,0.49667858510562457
75,0.0443725963606554
74,0.03453719120070632
76,0.033011487715044044
68,0.03461088776232703
88,0.04963195869842447
77,0.03747572410214246
72,0.03921601960644006
83,0.04072531195204328
86,0.03907998324867992
78,0.04100658310583896
82,0.038601802609568824
94,0.06640766910059163
80,0.03928448190071405
81,0.03977948095805042
87,0.05002970525023705
85,0.04390785454078009
89,0.045829254519888896
91,0.04763773058172918
90,0.05630084055479502
93,0.06062026591013559
92,0.05920209409134968
102,0.03305975059933062
108,0.08345055996547913
99,0.032595206996535134
96,0.05229019643511436
110,0.041551176506193714
95,0.06106936894762047
113,0.04512898590848985
104,0.039599873069387066
115,0.0515493996014716
114,0.0525320062457985
109,0.048778686706940265
98,0.04311166700817915
116,0.0578149648496502
119,1.5615691023362017
103,0.043199667663134114
112,0.051194352277204626
105,0.04322911317919165
97,0.07051031206146711
107,0.04444946946165106
101,0.04257495309991
121,0.03827419844195137
100,0.04167931574678816
111,0.05122828423979565
106,0.04437131273390799
117,0.04087242270056841
122,0.03120029574361296
118,0.03933121217738718
120,0.024803660114499665
123,0.02837226842262083
126,0.009325759334206046
127,0.00908308839954511
125,0.009317142968399379
124,0.010466024913600243
