Request Id,request_execution_time
4,0.37046039127789904
3,5.137354461061308
5,4.329705449316598
0,8.530160139369311
1,8.321550466775422
10,3.5120622674979
14,0.7918646103029113
6,20.082434182517172
8,17.560586538049233
2,24.05915509676759
15,5.344074881237051
7,20.73066195418296
24,4.307016745138576
13,12.509601318993155
26,0.8501120076789113
11,23.732893362121974
16,12.58455338735617
9,25.832045455924977
28,0.7556924731601322
33,0.5566261675817371
19,13.203033131312537
17,16.914342616053432
12,19.05356535719632
20,14.704319843393227
36,1.0045996177540286
25,12.391982506585727
22,14.687864056659144
21,16.399730232821575
34,9.434863566624616
32,10.226687256857472
31,12.073882377842681
45,4.838129827128529
37,7.82065891437504
41,8.778866466630491
44,7.948675471998633
42,9.185719677126224
43,11.421233146289484
29,20.39051964472283
35,16.516451175046853
30,21.0722822112869
47,11.731727073713492
18,33.52909544714609
57,0.9866918538592494
48,13.147321505411814
23,30.062775291951738
52,8.010728853622778
39,18.095872100503293
27,25.237156757274672
38,19.081059781983146
49,14.342050056724624
56,3.676299549398761
40,20.06093391431577
63,1.834458159997705
46,16.90393644060067
67,2.3670426558691604
51,14.080853133624423
64,7.017016278208699
65,6.544996776860749
54,14.777751819008827
58,11.86201019449114
73,2.0702454212549246
50,22.788593900828936
61,13.201727070137922
55,17.44728609265197
59,14.266898244390397
53,21.715247977227836
71,9.353122371288556
66,12.781230427695728
60,18.93771827812991
79,1.5506628786083412
70,14.239793695918472
62,19.274582125041444
69,15.815118267198729
84,0.49667858510562457
75,11.315012071967127
74,11.984405346645094
76,9.573331437362773
68,18.75910116718125
88,1.687486595746432
77,14.503105227529133
72,23.647259822683356
83,14.05023262345493
86,14.146953936022133
78,22.061541710941363
82,17.756829200401658
94,2.324268418520707
80,24.709939115549137
81,25.140631965487866
87,23.21378323610999
85,26.169081306304932
89,22.547993223785337
91,20.96060145596084
90,30.909161464582468
93,27.157879127740745
92,33.33077897342987
102,1.0248522685792492
108,1.4186595194131453
99,8.63772985408181
96,30.2237335394961
110,7.562314124127256
95,41.71037899122478
113,7.220637745358376
104,14.770752654881376
115,11.495516111128167
114,11.977297424042058
109,17.462769841084615
98,22.159396842204085
116,13.413071845118846
119,10.930983716353412
103,21.94543117287213
112,15.665471796824615
105,21.83070215549178
97,40.89598099565092
107,23.51376934521341
101,25.246947188246633
121,3.4064036613336715
100,25.549420552781143
111,23.718695603025385
106,27.554585207756865
117,23.460770630126266
122,10.54569996134118
118,24.2280267012705
120,12.253008096562834
123,11.348907369048332
126,3.693000696345594
127,3.9874758074003034
125,4.248617193590117
124,5.9237701010977375
