Request Id,request_e2e_time,request_e2e_time_normalized,request_execution_time,request_execution_time_normalized,request_model_execution_time,request_model_execution_time_normalized,request_preemption_time,request_scheduling_delay,request_execution_plus_preemption_time,request_execution_plus_preemption_time_normalized,prefill_e2e_time,prefill_e2e_time_normalized,prefill_time_execution_plus_preemption,prefill_time_execution_plus_preemption_normalized,decode_time_execution_plus_preemption_normalized,request_inter_arrival_delay,request_num_tokens,request_num_prefill_tokens,request_num_prefill_tokens_cached,request_num_decode_tokens,request_pd_ratio,request_num_restarts,request_arrived_at,replica
0,8.530160,0.017060,8.530160,0.017060,8.530160,0.017060,0.000000,0.000000,8.530160,0.017060,0.364484,0.000050,0.364484,0.000050,0.016331,,,,7270,,,0,,2
1,8.369859,0.017081,8.321550,0.016983,8.321550,0.016983,0.000000,0.048308,8.321550,0.016983,0.430774,0.000055,0.382466,0.000049,0.016202,,,,7834,,,0,,2
2,24.059732,0.030302,24.059155,0.030301,24.059155,0.030301,0.000000,0.000577,24.059155,0.030301,0.373319,0.000048,0.372743,0.000048,0.029832,2.010496,8542.000000,7748.000000,512,794.000000,9.758186,0,2.010496,2
3,5.144937,0.016281,5.137354,0.016257,5.137354,0.016257,0.000000,0.007583,5.137354,0.016257,0.126969,0.000045,0.119386,0.000043,0.015880,0.597619,3118.000000,2802.000000,512,316.000000,8.867089,0,2.608115,2
4,0.422965,0.140988,0.370460,0.123487,0.370460,0.123487,0.000000,0.052505,0.370460,0.123487,0.407330,0.000056,0.354826,0.000049,0.005212,0.049456,7275.000000,7272.000000,512,3.000000,2424.000000,0,2.657570,2
5,4.337389,0.025072,4.329705,0.025027,4.329705,0.025027,0.000000,0.007684,4.329705,0.025027,0.247416,0.000046,0.239732,0.000045,0.023641,1.500000,5519.000000,5346.000000,512,173.000000,30.901734,0,4.157570,2
6,20.088488,0.044345,20.082434,0.044332,20.082434,0.044332,0.000000,0.006054,20.082434,0.044332,1.492815,0.000063,1.486762,0.000063,0.041050,0.715938,24106.000000,23653.000000,512,453.000000,52.214128,0,4.873509,2
7,21.411483,0.046750,20.730662,0.045263,20.730662,0.045263,0.000000,0.680821,20.730662,0.045263,2.532636,0.000092,1.851815,0.000068,0.041220,0.771040,27858.000000,27400.000000,512,458.000000,59.825328,0,5.644549,2
8,19.980476,0.049703,17.560587,0.043683,17.560587,0.043683,0.000000,2.419889,17.560587,0.043683,3.059766,0.000278,0.639877,0.000058,0.042091,0.068548,11412.000000,11010.000000,512,402.000000,27.388060,0,5.713097,2
9,28.560094,0.046820,25.832045,0.042348,25.832045,0.042348,0.000000,2.728049,25.832045,0.042348,3.812737,0.000212,1.084688,0.000060,0.040569,0.299269,18572.000000,17962.000000,512,610.000000,29.445902,0,6.012366,2
10,7.055492,0.099373,3.512062,0.049466,3.512062,0.049466,0.000000,3.543430,3.512062,0.049466,4.382582,0.000312,0.839152,0.000060,0.037647,0.231651,14127.000000,14056.000000,512,71.000000,197.971831,0,6.244018,2
11,26.773661,0.066601,23.732893,0.059037,23.732893,0.059037,0.000000,3.040767,23.732893,0.059037,12.926128,0.000147,9.885361,0.000113,0.034447,1.307041,88083.000000,87681.000000,512,402.000000,218.111940,0,7.551058,2
12,31.373881,0.057252,19.053565,0.034769,19.053565,0.034769,0.000000,12.320315,19.053565,0.034769,12.776394,0.001869,0.456078,0.000067,0.033937,0.516223,7384.000000,6836.000000,512,548.000000,12.474453,0,8.067281,2
13,24.390032,0.068898,12.509601,0.035338,12.509601,0.035338,0.000000,11.880430,12.509601,0.035338,12.017147,0.004761,0.136717,0.000054,0.034952,0.865130,2878.000000,2524.000000,512,354.000000,7.129944,0,8.932411,2
14,12.488680,0.892049,0.791865,0.056562,0.791865,0.056562,0.000000,11.696815,0.791865,0.056562,12.122024,0.001547,0.425209,0.000054,0.026190,0.292967,7850.000000,7836.000000,512,14.000000,559.714286,0,9.225378,2
15,17.305984,0.119352,5.344075,0.036856,5.344075,0.036856,0.000000,11.961909,5.344075,0.036856,12.551662,0.001264,0.589753,0.000059,0.032788,0.128893,10075.000000,9930.000000,512,145.000000,68.482759,0,9.354271,2
16,24.698915,0.069574,12.584553,0.035449,12.584553,0.035449,0.000000,12.114362,12.584553,0.035449,12.199352,0.008549,0.084990,0.000060,0.035210,0.404374,1782.000000,1427.000000,512,355.000000,4.019718,0,9.758645,2
17,29.054316,0.062348,16.914343,0.036297,16.914343,0.036297,0.000000,12.139973,16.914343,0.036297,12.931178,0.000968,0.791204,0.000059,0.034599,0.032972,13824.000000,13358.000000,512,466.000000,28.665236,0,9.791617,2
18,45.545664,0.049027,33.529095,0.036092,33.529095,0.036092,0.000000,12.016569,33.529095,0.036092,13.426620,0.000639,1.410051,0.000067,0.034574,0.879059,21947.000000,21018.000000,512,929.000000,22.624327,0,10.670677,2
19,26.089124,0.074754,13.203033,0.037831,13.203033,0.037831,0.000000,12.886091,13.203033,0.037831,14.015802,0.000819,1.129711,0.000066,0.034594,0.499380,17470.000000,17121.000000,512,349.000000,49.057307,0,11.170057,2
20,27.972066,0.075600,14.704320,0.039741,14.704320,0.039741,0.000000,13.267746,14.704320,0.039741,15.222102,0.000567,1.954356,0.000073,0.034459,0.709590,27235.000000,26865.000000,512,370.000000,72.608108,0,11.879647,2
21,31.357230,0.066015,16.399730,0.034526,16.399730,0.034526,0.000000,14.957500,16.399730,0.034526,15.340301,0.002335,0.382801,0.000058,0.033720,0.218885,7046.000000,6571.000000,512,475.000000,13.833684,0,12.098532,2
22,28.497485,0.067851,14.687864,0.034971,14.687864,0.034971,0.000000,13.809621,14.687864,0.034971,14.174031,0.002192,0.364409,0.000056,0.034103,1.500000,6886.000000,6466.000000,512,420.000000,15.395238,0,13.598532,2
23,43.088335,0.050812,30.062775,0.035451,30.062775,0.035451,0.000000,13.025560,30.062775,0.035451,13.751159,0.001160,0.725599,0.000061,0.034596,1.118030,12699.000000,11851.000000,512,848.000000,13.975236,0,14.716562,2
24,17.269704,0.215871,4.307017,0.053838,4.307017,0.053838,0.000000,12.962687,4.307017,0.053838,13.976682,0.000891,1.013995,0.000065,0.041163,0.753403,15764.000000,15684.000000,512,80.000000,196.050000,0,15.469965,2
25,26.222086,0.098951,12.391983,0.046762,12.391983,0.046762,0.000000,13.830104,12.391983,0.046762,17.923778,0.000386,4.093674,0.000088,0.031314,0.108232,46699.000000,46434.000000,512,265.000000,175.222642,0,15.578197,2
26,18.399285,0.707665,0.850112,0.032697,0.850112,0.032697,0.000000,17.549173,0.850112,0.032697,17.664537,0.011287,0.115364,0.000074,0.028260,0.314355,1591.000000,1565.000000,512,26.000000,60.192308,0,15.892553,2
27,42.851366,0.057519,25.237157,0.033875,25.237157,0.033875,0.000000,17.614210,25.237157,0.033875,17.962643,0.002887,0.348433,0.000056,0.033408,0.022396,6967.000000,6222.000000,512,745.000000,8.351678,0,15.914949,2
28,18.602791,1.691163,0.755692,0.068699,0.755692,0.068699,0.000000,17.847099,0.755692,0.068699,18.325981,0.002365,0.478883,0.000062,0.025165,0.083789,7761.000000,7750.000000,512,11.000000,704.545455,0,15.998738,2
29,38.109115,0.065255,20.390520,0.034915,20.390520,0.034915,0.000000,17.718596,20.390520,0.034915,18.375756,0.001691,0.657160,0.000060,0.033790,0.574504,11451.000000,10867.000000,512,584.000000,18.607877,0,16.573242,2
30,38.731698,0.062978,21.072282,0.034264,21.072282,0.034264,0.000000,17.659416,21.072282,0.034264,17.770681,0.008934,0.111266,0.000056,0.034083,0.682780,2604.000000,1989.000000,512,615.000000,3.234146,0,17.256021,2
31,28.317979,0.082320,12.073882,0.035098,12.073882,0.035098,0.000000,16.244096,12.073882,0.035098,17.227066,0.001085,0.982969,0.000062,0.032241,1.500000,16222.000000,15878.000000,512,344.000000,46.156977,0,18.756021,2
32,27.219006,0.088087,10.226687,0.033096,10.226687,0.033096,0.000000,16.992319,10.226687,0.033096,17.247976,0.003994,0.255657,0.000059,0.032269,0.197133,4627.000000,4318.000000,512,309.000000,13.974110,0,18.953154,2
33,17.544141,17.544141,0.556626,0.556626,0.556626,0.556626,0.000000,16.987515,0.556626,0.556626,17.544141,0.001890,0.556626,0.000060,0.000000,0.231383,9285.000000,9284.000000,512,1.000000,9284.000000,0,19.184537,2
34,26.628748,0.111885,9.434864,0.039642,9.434864,0.039642,0.000000,17.193884,9.434864,0.039642,19.096815,0.000716,1.902930,0.000071,0.031647,0.317020,26906.000000,26668.000000,512,238.000000,112.050420,0,19.501557,2
35,35.462735,0.078982,16.516451,0.036785,16.516451,0.036785,0.000000,18.946284,16.516451,0.036785,20.060038,0.001170,1.113753,0.000065,0.034304,0.105034,17596.000000,17147.000000,512,449.000000,38.189310,0,19.606592,2
36,20.956498,0.676016,1.004600,0.032406,1.004600,0.032406,0.000000,19.951899,1.004600,0.032406,20.123348,0.007174,0.171449,0.000061,0.026876,0.069586,2836.000000,2805.000000,512,31.000000,90.483871,0,19.676178,2
37,27.593440,0.114973,7.820659,0.032586,7.820659,0.032586,0.000000,19.772781,7.820659,0.032586,19.852685,0.012240,0.079903,0.000049,0.032253,0.322850,1862.000000,1622.000000,512,240.000000,6.758333,0,19.999028,2
38,38.778653,0.069871,19.081060,0.034380,19.081060,0.034380,0.000000,19.697593,19.081060,0.034380,19.910941,0.004809,0.213348,0.000052,0.033996,0.128679,4695.000000,4140.000000,512,555.000000,7.459459,0,20.127707,2
39,37.424199,0.071420,18.095872,0.034534,18.095872,0.034534,0.000000,19.328327,18.095872,0.034534,19.488081,0.007642,0.159754,0.000063,0.034229,0.554050,3074.000000,2550.000000,512,524.000000,4.866412,0,20.681757,2
40,39.234098,0.066838,20.060934,0.034175,20.060934,0.034175,0.000000,19.173164,20.060934,0.034175,19.279439,0.007987,0.106275,0.000044,0.033994,0.287373,3001.000000,2414.000000,512,587.000000,4.112436,0,20.969130,2
41,27.137368,0.119548,8.778866,0.038673,8.778866,0.038673,0.000000,18.358502,8.778866,0.038673,19.307389,0.001327,0.948887,0.000065,0.034493,0.893918,14780.000000,14553.000000,512,227.000000,64.110132,0,21.863048,2
42,27.854232,0.116545,9.185720,0.038434,9.185720,0.038434,0.000000,18.668512,9.185720,0.038434,19.470065,0.001544,0.801553,0.000064,0.035080,0.602428,12846.000000,12607.000000,512,239.000000,52.748954,0,22.465476,2
43,30.669598,0.094659,11.421233,0.035251,11.421233,0.035251,0.000000,19.248365,11.421233,0.035251,19.336136,0.012254,0.087771,0.000056,0.034980,0.187250,1902.000000,1578.000000,512,324.000000,4.870370,0,22.652726,2
44,26.365151,0.129878,7.948675,0.039156,7.948675,0.039156,0.000000,18.416476,7.948675,0.039156,19.049818,0.001881,0.633342,0.000063,0.036036,0.892669,10330.000000,10127.000000,512,203.000000,49.886700,0,23.545396,2
45,23.037191,0.219402,4.838130,0.046077,4.838130,0.046077,0.000000,18.199061,4.838130,0.046077,19.608413,0.000957,1.409352,0.000069,0.032655,0.816774,20593.000000,20488.000000,512,105.000000,195.123810,0,24.362170,2
46,36.225420,0.075313,16.903936,0.035143,16.903936,0.035143,0.000000,19.321484,16.903936,0.035143,19.744081,0.002806,0.422597,0.000060,0.034265,0.245086,7518.000000,7037.000000,512,481.000000,14.629938,0,24.607255,2
47,31.273753,0.096524,11.731727,0.036209,11.731727,0.036209,0.000000,19.542026,11.731727,0.036209,19.627370,0.013920,0.085344,0.000061,0.035946,0.170069,1734.000000,1410.000000,512,324.000000,4.351852,0,24.777324,2
48,32.174046,0.089125,13.147322,0.036419,13.147322,0.036419,0.000000,19.026725,13.147322,0.036419,19.368226,0.003281,0.341501,0.000058,0.035473,0.573632,6264.000000,5903.000000,512,361.000000,16.351801,0,25.350956,2
49,33.604161,0.092829,14.342050,0.039619,14.342050,0.039619,0.000000,19.262111,14.342050,0.039619,21.005026,0.000870,1.742915,0.000072,0.034804,0.075268,24505.000000,24143.000000,512,362.000000,66.693370,0,25.426223,2
50,43.637869,0.074088,22.788594,0.038690,22.788594,0.038690,0.000000,20.849275,22.788594,0.038690,24.084985,0.000619,3.235710,0.000083,0.033197,0.111514,39484.000000,38895.000000,512,589.000000,66.035654,0,25.537738,2
51,38.108196,0.091827,14.080853,0.033930,14.080853,0.033930,0.000000,24.027343,14.080853,0.033930,24.521708,0.003044,0.494365,0.000061,0.032739,0.003695,8470.000000,8055.000000,512,415.000000,19.409639,0,25.541433,2
52,31.727973,0.144877,8.010729,0.036579,8.010729,0.036579,0.000000,23.717245,8.010729,0.036579,24.281296,0.002560,0.564051,0.000059,0.034003,0.773054,9705.000000,9486.000000,512,219.000000,43.315068,0,26.314487,2
53,45.417777,0.077373,21.715248,0.036994,21.715248,0.036994,0.000000,23.702529,21.715248,0.036994,25.508769,0.001030,1.806240,0.000073,0.033917,0.546590,25345.000000,24758.000000,512,587.000000,42.177172,0,26.861077,2
54,39.630697,0.095038,14.777752,0.035438,14.777752,0.035438,0.000000,24.852945,14.777752,0.035438,25.967897,0.001596,1.114951,0.000069,0.032765,0.610670,16690.000000,16273.000000,512,417.000000,39.023981,0,27.471747,2
55,42.616983,0.092847,17.447286,0.038012,17.447286,0.038012,0.000000,25.169696,17.447286,0.038012,27.328536,0.000969,2.158840,0.000077,0.033308,0.758724,28672.000000,28213.000000,512,459.000000,61.466231,0,28.230470,2
56,30.651393,0.312769,3.676300,0.037513,3.676300,0.037513,0.000000,26.975094,3.676300,0.037513,27.713147,0.002399,0.738053,0.000064,0.029982,0.307090,11651.000000,11553.000000,512,98.000000,117.887755,0,28.537561,2
57,28.244949,1.176873,0.986692,0.041112,0.986692,0.041112,0.000000,27.258257,0.986692,0.041112,27.566762,0.005155,0.308505,0.000058,0.028258,0.420523,5372.000000,5348.000000,512,24.000000,222.833333,0,28.958084,2
58,39.323840,0.110771,11.862010,0.033414,11.862010,0.033414,0.000000,27.461830,11.862010,0.033414,27.622880,0.009652,0.161051,0.000056,0.032960,0.075293,3217.000000,2862.000000,512,355.000000,8.061972,0,29.033377,2
59,41.801547,0.099291,14.266898,0.033888,14.266898,0.033888,0.000000,27.534648,14.266898,0.033888,27.617941,0.019100,0.083292,0.000058,0.033690,0.060818,1867.000000,1446.000000,512,421.000000,3.434679,0,29.094196,2
60,45.975428,0.088076,18.937718,0.036279,18.937718,0.036279,0.000000,27.037710,18.937718,0.036279,27.986992,0.001918,0.949282,0.000065,0.034461,0.551917,15115.000000,14593.000000,512,522.000000,27.955939,0,29.646113,2
61,40.833974,0.108891,13.201727,0.035205,13.201727,0.035205,0.000000,27.632247,13.201727,0.035205,28.141368,0.003332,0.509122,0.000060,0.033847,0.318474,8822.000000,8447.000000,512,375.000000,22.525333,0,29.964588,2
62,46.967608,0.087954,19.274582,0.036095,19.274582,0.036095,0.000000,27.693026,19.274582,0.036095,28.597664,0.001986,0.904638,0.000063,0.034401,0.416476,14932.000000,14398.000000,512,534.000000,26.962547,0,30.381064,2
63,29.671621,0.520555,1.834458,0.032183,1.834458,0.032183,0.000000,27.837163,1.834458,0.032183,27.925238,0.019805,0.088075,0.000062,0.030638,0.724082,1467.000000,1410.000000,512,57.000000,24.736842,0,31.105146,2
64,34.412553,0.193329,7.017016,0.039421,7.017016,0.039421,0.000000,27.395536,7.017016,0.039421,28.715588,0.001421,1.320051,0.000065,0.032005,0.503543,20384.000000,20206.000000,512,178.000000,113.516854,0,31.608689,2
65,34.857338,0.178756,6.544997,0.033564,6.544997,0.033564,0.000000,28.312341,6.544997,0.033564,28.500672,0.007711,0.188331,0.000051,0.032598,0.403247,3891.000000,3696.000000,512,195.000000,18.953846,0,32.011936,2
66,40.843706,0.111595,12.781230,0.034921,12.781230,0.034921,0.000000,28.062475,12.781230,0.034921,28.223436,0.008923,0.160961,0.000051,0.034482,0.409590,3529.000000,3163.000000,512,366.000000,8.642077,0,32.421526,2
67,30.381698,1.168527,2.367043,0.091040,2.367043,0.091040,0.000000,28.014655,2.367043,0.091040,29.674570,0.001254,1.659915,0.000070,0.027197,0.181167,23681.000000,23655.000000,512,26.000000,909.807692,0,32.602693,2
68,48.374127,0.089251,18.759101,0.034611,18.759101,0.034611,0.000000,29.615026,18.759101,0.034611,29.969277,0.004658,0.354251,0.000055,0.033957,0.015651,6976.000000,6434.000000,512,542.000000,11.870849,0,32.618345,2
69,45.466659,0.103569,15.815118,0.036025,15.815118,0.036025,0.000000,29.651541,15.815118,0.036025,30.174631,0.003375,0.523091,0.000059,0.034834,0.286987,9380.000000,8941.000000,512,439.000000,20.366743,0,32.905332,2
70,44.261172,0.114370,14.239794,0.036795,14.239794,0.036795,0.000000,30.021378,14.239794,0.036795,30.546306,0.003446,0.524928,0.000059,0.035439,0.120771,9251.000000,8864.000000,512,387.000000,22.904393,0,33.026103,2
71,39.604713,0.167108,9.353122,0.039465,9.353122,0.039465,0.000000,30.251591,9.353122,0.039465,31.049082,0.002450,0.797491,0.000063,0.036100,0.262571,12908.000000,12671.000000,512,237.000000,53.464135,0,33.288674,2
72,53.700974,0.089056,23.647260,0.039216,23.647260,0.039216,0.000000,30.053714,23.647260,0.039216,32.185385,0.001120,2.131671,0.000074,0.035681,0.960034,29329.000000,28726.000000,512,603.000000,47.638474,0,34.248708,2
73,34.074663,11.358221,2.070245,0.690082,2.070245,0.690082,0.000000,32.004417,2.070245,0.690082,34.021630,0.001242,2.017213,0.000074,0.017678,0.133247,27406.000000,27403.000000,512,3.000000,9134.333333,0,34.381955,2
74,45.929632,0.132362,11.984405,0.034537,11.984405,0.034537,0.000000,33.945227,11.984405,0.034537,34.098915,0.012892,0.153688,0.000058,0.034094,0.030036,2992.000000,2645.000000,512,347.000000,7.622478,0,34.411991,2
75,45.221158,0.177338,11.315012,0.044373,11.315012,0.044373,0.000000,33.906146,11.315012,0.044373,36.824376,0.000997,2.918230,0.000079,0.032929,0.165214,37189.000000,36934.000000,512,255.000000,144.839216,0,34.577205,2
76,46.171688,0.159213,9.573331,0.033011,9.573331,0.033011,0.000000,36.598356,9.573331,0.033011,36.726805,0.018970,0.128448,0.000066,0.032569,0.173782,2226.000000,1936.000000,512,290.000000,6.675862,0,34.750987,2
77,50.661584,0.130908,14.503105,0.037476,14.503105,0.037476,0.000000,36.158479,14.503105,0.037476,37.356283,0.002008,1.197804,0.000064,0.034381,0.542231,18991.000000,18604.000000,512,387.000000,48.072351,0,35.293218,2
78,58.971922,0.109613,22.061542,0.041007,22.061542,0.041007,0.000000,36.910380,22.061542,0.041007,39.652226,0.001113,2.741845,0.000077,0.035910,0.407129,36176.000000,35638.000000,512,538.000000,66.241636,0,35.700348,2
79,40.385140,0.841357,1.550663,0.032305,1.550663,0.032305,0.000000,38.834477,1.550663,0.032305,38.937373,0.026560,0.102896,0.000070,0.030162,0.766003,1514.000000,1466.000000,512,48.000000,30.541667,0,36.466350,2
80,63.075574,0.100279,24.709939,0.039284,24.709939,0.039284,0.000000,38.365635,24.709939,0.039284,39.403232,0.002408,1.037596,0.000063,0.037635,0.545789,16993.000000,16364.000000,512,629.000000,26.015898,0,37.012139,2
81,64.245303,0.101654,25.140632,0.039779,25.140632,0.039779,0.000000,39.104671,25.140632,0.039779,39.675106,0.004068,0.570436,0.000058,0.038877,0.260764,10386.000000,9754.000000,512,632.000000,15.433544,0,37.272903,2
82,56.558308,0.122953,17.756829,0.038602,17.756829,0.038602,0.000000,38.801478,17.756829,0.038602,39.636830,0.002949,0.835352,0.000062,0.036786,0.841059,13899.000000,13439.000000,512,460.000000,29.215217,0,38.113962,2
83,53.560225,0.155247,14.050233,0.040725,14.050233,0.040725,0.000000,39.509992,14.050233,0.040725,40.677657,0.002221,1.167665,0.000064,0.037341,0.091345,18656.000000,18311.000000,512,345.000000,53.075362,0,38.205307,2
84,41.124042,41.124042,0.496679,0.496679,0.496679,0.496679,0.000000,40.627363,0.496679,0.496679,41.124042,0.004812,0.496679,0.000058,0.000000,0.011487,8547.000000,8546.000000,512,1.000000,8546.000000,0,38.216794,2
85,67.214047,0.112775,26.169081,0.043908,26.169081,0.043908,0.000000,41.044966,26.169081,0.043908,41.730728,0.003704,0.685763,0.000061,0.042757,0.047182,11861.000000,11265.000000,512,596.000000,18.901007,0,38.263975,2
86,55.203359,0.152495,14.146954,0.039080,14.146954,0.039080,0.000000,41.056406,14.146954,0.039080,41.331183,0.008180,0.274777,0.000054,0.038321,0.640714,5415.000000,5053.000000,512,362.000000,13.958564,0,38.904689,2
87,64.206310,0.138376,23.213783,0.050030,23.213783,0.050030,0.000000,40.992527,23.213783,0.050030,44.576710,0.001031,3.584184,0.000083,0.042305,0.309834,43698.000000,43234.000000,512,464.000000,93.176724,0,39.214523,2
88,46.118523,1.356427,1.687487,0.049632,1.687487,0.049632,0.000000,44.431036,1.687487,0.049632,45.113479,0.004097,0.682443,0.000062,0.029560,0.087934,11046.000000,11012.000000,512,34.000000,323.882353,0,39.302458,2
89,67.279956,0.136748,22.547993,0.045829,22.547993,0.045829,0.000000,44.731963,22.547993,0.045829,45.605675,0.003228,0.873712,0.000062,0.044053,0.347619,14620.000000,14128.000000,512,492.000000,28.715447,0,39.650077,2
90,76.395927,0.139155,30.909161,0.056301,30.909161,0.056301,0.000000,45.486765,30.909161,0.056301,49.943965,0.000991,4.457200,0.000088,0.048182,0.082621,50963.000000,50414.000000,512,549.000000,91.828780,0,39.732698,2
91,70.245945,0.159650,20.960601,0.047638,20.960601,0.047638,0.000000,49.285344,20.960601,0.047638,50.452172,0.002869,1.166828,0.000066,0.044986,0.595891,18023.000000,17583.000000,512,440.000000,39.961364,0,40.328589,2
92,83.448761,0.148222,33.330779,0.059202,33.330779,0.059202,0.000000,50.117982,33.330779,0.059202,51.580054,0.002387,1.462072,0.000068,0.056605,0.295436,22169.000000,21606.000000,512,563.000000,38.376554,0,40.624026,2
93,78.456112,0.175125,27.157879,0.060620,27.157879,0.060620,0.000000,51.298232,27.157879,0.060620,53.528808,0.001798,2.230575,0.000075,0.055641,0.239842,30225.000000,29777.000000,512,448.000000,66.466518,0,40.863868,2
94,55.625224,1.589292,2.324268,0.066408,2.324268,0.066408,0.000000,53.300955,2.324268,0.066408,54.505756,0.003034,1.204800,0.000067,0.031985,0.179419,18000.000000,17965.000000,512,35.000000,513.285714,0,41.043287,2
95,95.678731,0.140086,41.710379,0.061069,41.710379,0.061069,0.000000,53.968352,41.710379,0.061069,63.300552,0.000765,9.332200,0.000113,0.047406,0.497508,83471.000000,82788.000000,512,683.000000,121.212299,0,41.540795,2
96,93.212899,0.161268,30.223734,0.052290,30.223734,0.052290,0.000000,62.989165,30.223734,0.052290,64.968232,0.002446,1.979067,0.000075,0.048866,0.224562,27135.000000,26557.000000,512,578.000000,45.946367,0,41.765356,2
97,105.771759,0.182365,40.895981,0.070510,40.895981,0.070510,0.000000,64.875778,40.895981,0.070510,81.820219,0.000675,16.944441,0.000140,0.041296,0.045866,121725.000000,121145.000000,512,580.000000,208.870690,0,41.811222,2
98,103.800849,0.201947,22.159397,0.043112,22.159397,0.043112,0.000000,81.641452,22.159397,0.043112,81.839569,0.044624,0.198117,0.000108,0.042726,0.062785,2348.000000,1834.000000,512,514.000000,3.568093,0,41.874007,2
99,88.949257,0.335658,8.637730,0.032595,8.637730,0.032595,0.000000,80.311527,8.637730,0.032595,80.393100,0.056298,0.081573,0.000057,0.032287,1.500000,1693.000000,1428.000000,512,265.000000,5.388679,0,43.374007,2
100,104.719217,0.170831,25.549421,0.041679,25.549421,0.041679,0.000000,79.169796,25.549421,0.041679,79.363291,0.023363,0.193495,0.000057,0.041364,1.196149,4010.000000,3397.000000,512,613.000000,5.541599,0,44.570156,2
101,103.979450,0.175345,25.246947,0.042575,25.246947,0.042575,0.000000,78.732503,25.246947,0.042575,79.275476,0.008682,0.542972,0.000059,0.041659,0.601499,9724.000000,9131.000000,512,593.000000,15.397976,0,45.171655,2
102,80.112124,2.584262,1.024852,0.033060,1.024852,0.033060,0.000000,79.087272,1.024852,0.033060,79.202409,0.035342,0.115137,0.000051,0.029346,0.154535,2272.000000,2241.000000,512,31.000000,72.290323,0,45.326190,2
103,99.619973,0.196102,21.945431,0.043200,21.945431,0.043200,0.000000,77.674542,21.945431,0.043200,77.838011,0.026476,0.163469,0.000056,0.042878,1.500000,3448.000000,2940.000000,512,508.000000,5.787402,0,46.826190,2
104,91.826185,0.246183,14.770753,0.039600,14.770753,0.039600,0.000000,77.055432,14.770753,0.039600,77.804211,0.006463,0.748779,0.000062,0.037592,0.754233,12412.000000,12039.000000,512,373.000000,32.276139,0,47.580423,2
105,98.968288,0.195977,21.830702,0.043229,21.830702,0.043229,0.000000,77.137586,21.830702,0.043229,77.226931,0.048297,0.089345,0.000056,0.043052,0.630960,2104.000000,1599.000000,512,505.000000,3.166337,0,48.211383,2
106,104.456048,0.168206,27.554585,0.044371,27.554585,0.044371,0.000000,76.901463,27.554585,0.044371,77.065158,0.026538,0.163695,0.000056,0.044108,0.298338,3525.000000,2904.000000,512,621.000000,4.676329,0,48.509721,2
107,100.391474,0.189776,23.513769,0.044449,23.513769,0.044449,0.000000,76.877705,23.513769,0.044449,77.650198,0.006206,0.772493,0.000062,0.042989,0.158893,13041.000000,12512.000000,512,529.000000,23.652174,0,48.668614,2
108,78.982335,4.646020,1.418660,0.083451,1.418660,0.083451,0.000000,77.563675,1.418660,0.083451,78.491596,0.005583,0.927921,0.000066,0.028867,0.050679,14075.000000,14058.000000,512,17.000000,826.941176,0,48.719293,2
109,94.751800,0.264670,17.462770,0.048779,17.462770,0.048779,0.000000,77.289031,17.462770,0.048779,78.215306,0.005508,0.926275,0.000065,0.046191,1.164477,14559.000000,14201.000000,512,358.000000,39.667598,0,49.883770,2
110,85.435290,0.469425,7.562314,0.041551,7.562314,0.041551,0.000000,77.872976,7.562314,0.041551,79.029747,0.004655,1.156771,0.000068,0.035195,0.304197,17158.000000,16976.000000,512,182.000000,93.274725,0,50.187968,2
111,102.595315,0.221588,23.718696,0.051228,23.718696,0.051228,0.000000,78.876620,23.718696,0.051228,80.586836,0.003456,1.710216,0.000073,0.047535,0.113051,23783.000000,23320.000000,512,463.000000,50.367171,0,50.301019,2
112,96.024704,0.313806,15.665472,0.051194,15.665472,0.051194,0.000000,80.359232,15.665472,0.051194,80.927044,0.008993,0.567812,0.000063,0.049339,0.182610,9305.000000,8999.000000,512,306.000000,29.408497,0,50.483629,2
113,87.680818,0.548005,7.220638,0.045129,7.220638,0.045129,0.000000,80.460180,7.220638,0.045129,81.085217,0.008326,0.625037,0.000064,0.041223,0.432822,9899.000000,9739.000000,512,160.000000,60.868750,0,50.916451,2
114,92.930184,0.407589,11.977297,0.052532,11.977297,0.052532,0.000000,80.952887,11.977297,0.052532,81.217153,0.020068,0.264266,0.000065,0.051373,0.097262,4275.000000,4047.000000,512,228.000000,17.750000,0,51.013713,2
115,91.707177,0.411243,11.495516,0.051549,11.495516,0.051549,0.000000,80.211661,11.495516,0.051549,80.308460,0.046745,0.096799,0.000056,0.051115,0.971108,1941.000000,1718.000000,512,223.000000,7.704036,0,51.984821,2
116,92.979551,0.400774,13.413072,0.057815,13.413072,0.057815,0.000000,79.566479,13.413072,0.057815,80.178264,0.008877,0.611785,0.000068,0.055178,0.710483,9264.000000,9032.000000,512,232.000000,38.931034,0,52.695305,2
117,102.966041,0.179383,23.460771,0.040872,23.460771,0.040872,0.000000,79.505271,23.460771,0.040872,79.603800,0.056497,0.098529,0.000070,0.040701,0.635525,1983.000000,1409.000000,512,574.000000,2.454704,0,53.330829,2
118,103.518063,0.168049,24.228027,0.039331,24.228027,0.039331,0.000000,79.290036,24.228027,0.039331,81.208333,0.003399,1.918297,0.000080,0.036217,0.282899,24507.000000,23891.000000,512,616.000000,38.784091,0,53.613728,2
119,91.597700,13.085386,10.930984,1.561569,10.930984,1.561569,0.000000,80.666716,10.930984,1.561569,91.426229,0.001043,10.759513,0.000123,0.024496,0.493503,87691.000000,87684.000000,512,7.000000,12526.285714,0,54.107231,2
120,103.149029,0.208804,12.253008,0.024804,12.253008,0.024804,0.000000,90.896021,12.253008,0.024804,91.274231,0.016081,0.378210,0.000067,0.024038,0.438653,6170.000000,5676.000000,512,494.000000,11.489879,0,54.545884,2
121,94.126380,1.057600,3.406404,0.038274,3.406404,0.038274,0.000000,90.719977,3.406404,0.038274,91.094712,0.013876,0.374735,0.000057,0.034064,0.524692,6654.000000,6565.000000,512,89.000000,73.764045,0,55.070576,2
122,101.564976,0.300488,10.545700,0.031200,10.545700,0.031200,0.000000,91.019276,10.545700,0.031200,92.038616,0.005765,1.019339,0.000064,0.028184,0.044112,16304.000000,15966.000000,512,338.000000,47.236686,0,55.114688,2
123,103.081431,0.257704,11.348907,0.028372,11.348907,0.028372,0.000000,91.732523,11.348907,0.028372,98.746079,0.001408,7.013555,0.000100,0.010838,0.268762,70557.000000,70157.000000,512,400.000000,175.392500,0,55.383450,2
124,104.572801,0.184758,5.923770,0.010466,5.923770,0.010466,0.000000,98.649031,5.923770,0.010466,99.505291,0.007266,0.856260,0.000063,0.008953,0.021252,14261.000000,13695.000000,512,566.000000,24.196113,0,55.404702,2
125,103.378426,0.226707,4.248617,0.009317,4.248617,0.009317,0.000000,99.129809,4.248617,0.009317,99.266293,0.041241,0.136484,0.000057,0.009018,0.340600,2863.000000,2407.000000,512,456.000000,5.278509,0,55.745303,2
126,102.732839,0.259426,3.693001,0.009326,3.693001,0.009326,0.000000,99.039838,3.693001,0.009326,99.116572,0.069850,0.076734,0.000054,0.009132,0.200135,1815.000000,1419.000000,512,396.000000,3.583333,0,55.945438,2
127,103.000403,0.234625,3.987476,0.009083,3.987476,0.009083,0.000000,99.012927,3.987476,0.009083,99.074303,0.070365,0.061376,0.000044,0.008943,0.078049,1847.000000,1408.000000,512,439.000000,3.207289,0,56.023487,2
