cdf,prefill_time_execution_plus_preemption_normalized
0.0,4.2607497482137334e-05
0.01,4.370786750114043e-05
0.02,4.44665624803346e-05
0.03,4.74878767284695e-05
0.04,4.879566765310421e-05
0.05,4.89756157735129e-05
0.06,4.980351892571482e-05
0.07,5.080593560311598e-05
0.08,5.102294753926261e-05
0.09,5.144445316055377e-05
0.1,5.3313343735246195e-05
0.11,5.416403177439468e-05
0.12,5.429124575943319e-05
0.13,5.4725948338616676e-05
0.14,5.548236292685248e-05
0.15,5.563450092058314e-05
0.16,5.5896274672831736e-05
0.17,5.5975659209962006e-05
0.18,5.623395342038811e-05
0.19,5.634604149005504e-05
0.2,5.636214747360971e-05
0.21,5.6592714915102754e-05
0.22,5.6945177654563896e-05
0.23,5.708985156788999e-05
0.24,5.735330914645725e-05
0.25,5.766499441970673e-05
0.26,5.785719201943137e-05
0.27,5.8108898352889704e-05
0.28,5.811806219509936e-05
0.29,5.82327391491725e-05
0.3,5.8484471593627604e-05
0.31,5.876463594969426e-05
0.32,5.921554116618806e-05
0.33,5.922980444178591e-05
0.34,5.9403674037061944e-05
0.35000000000000003,5.946291721353307e-05
0.36,5.953222498161569e-05
0.37,5.969917429367193e-05
0.38,5.998095206615355e-05
0.39,6.016962050000031e-05
0.4,6.036482542944964e-05
0.41000000000000003,6.047680093283278e-05
0.42,6.064581733212649e-05
0.43,6.102622017760724e-05
0.44,6.121431429179588e-05
0.45,6.142867263880483e-05
0.46,6.176164914902663e-05
0.47000000000000003,6.182669480861163e-05
0.48,6.190502488321483e-05
0.49,6.201549459613138e-05
0.5,6.217745579583944e-05
0.51,6.240296190447623e-05
0.52,6.252423572144619e-05
0.53,6.257370812537316e-05
0.54,6.275435452012131e-05
0.55,6.285325102397362e-05
0.56,6.295733766996062e-05
0.5700000000000001,6.321816978141884e-05
0.58,6.352126838076771e-05
0.59,6.375528679398136e-05
0.6,6.385231722447532e-05
0.61,6.402257327333626e-05
0.62,6.433077646359735e-05
0.63,6.465458909236398e-05
0.64,6.498047914055726e-05
0.65,6.513390752435378e-05
0.66,6.522173494268117e-05
0.67,6.530202597695146e-05
0.68,6.55652078144662e-05
0.6900000000000001,6.599822699714314e-05
0.7000000000000001,6.6313279944042e-05
0.71,6.640739875969916e-05
0.72,6.667015380424947e-05
0.73,6.696322722277907e-05
0.74,6.708729106896167e-05
0.75,6.76058084760688e-05
0.76,6.770379237383652e-05
0.77,6.805620402425643e-05
0.78,6.8531821092793e-05
0.79,6.916514668842857e-05
0.8,7.007451640226415e-05
0.81,7.018641068989706e-05
0.8200000000000001,7.147321085266853e-05
0.8300000000000001,7.24192688551105e-05
0.84,7.288909405970794e-05
0.85,7.331783943980893e-05
0.86,7.363532230747023e-05
0.87,7.395609969823348e-05
0.88,7.444599578526811e-05
0.89,7.495762999323702e-05
0.9,7.664433340511038e-05
0.91,7.811933538941645e-05
0.92,8.008862558913396e-05
0.93,8.293374743057734e-05
0.9400000000000001,8.507958701181386e-05
0.9500000000000001,8.832416392710383e-05
0.96,9.904483066916581e-05
0.97,0.0001089174810017144
0.98,0.00011273247035359049
0.99,0.00012001713991955148
1.0,0.00013986909222009328
