time,event,gen,trainer_step,dataset_dir,num_samples,num_controller,num_adversary,loss,policy_loss,value_loss,controller_policy_loss,controller_value_loss,controller_count,adversary_policy_loss,adversary_value_loss,adversary_count,saved_best,ckpt_path,best_path,resume_ckpt
1768866906.3978639,load_ckpt,,0,,,,,,,,,,,,,,,,simulator_output/mcts_dnn_checkpoints/best.pt,
1768870882.434267,train,0,1,simulator_output/mcts_dnn_dataset/train/gen_000000,50,47,3,71.22248077392578,3.0888819694519043,123.91167449951172,3.1740798950195312,126.33123779296875,47.0,1.754114031791687,86.00529479980469,3.0,,,simulator_output/mcts_dnn_checkpoints/best.pt,
1768870882.4387515,train,0,2,simulator_output/mcts_dnn_dataset/train/gen_000000,50,47,3,246.5448455810547,3.086561441421509,474.5703125,3.171976089477539,473.1278991699219,47.0,1.7484047412872314,497.1676940917969,3.0,,,simulator_output/mcts_dnn_checkpoints/best.pt,
1768870882.4419453,train,0,3,simulator_output/mcts_dnn_dataset/train/gen_000000,50,47,3,160.49171447753906,3.0855464935302734,302.47015380859375,3.171090602874756,294.991455078125,47.0,1.745354175567627,419.63653564453125,3.0,,,simulator_output/mcts_dnn_checkpoints/best.pt,
1768870882.445796,train,0,4,simulator_output/mcts_dnn_dataset/train/gen_000000,50,47,3,21.975757598876953,3.084904432296753,25.44209098815918,3.170536756515503,22.374040603637695,47.0,1.7433340549468994,73.50820922851562,3.0,,,simulator_output/mcts_dnn_checkpoints/best.pt,
1768870882.449115,train,0,5,simulator_output/mcts_dnn_dataset/train/gen_000000,50,47,3,64.37611389160156,3.084223508834839,110.24687957763672,3.169950246810913,112.96398162841797,47.0,1.7411746978759766,67.67906188964844,3.0,,,simulator_output/mcts_dnn_checkpoints/best.pt,
1768870882.4527965,train,0,6,simulator_output/mcts_dnn_dataset/train/gen_000000,50,47,3,77.07557678222656,3.0833847522735596,135.65084838867188,3.169198989868164,138.63131713867188,47.0,1.7389607429504395,88.95686340332031,3.0,,,simulator_output/mcts_dnn_checkpoints/best.pt,
1768870882.4554393,train,0,7,simulator_output/mcts_dnn_dataset/train/gen_000000,50,47,3,68.12033081054688,3.0824856758117676,117.74574279785156,3.168390989303589,120.17449188232422,47.0,1.7366321086883545,79.69536590576172,3.0,,,simulator_output/mcts_dnn_checkpoints/best.pt,
1768870882.458052,train,0,8,simulator_output/mcts_dnn_dataset/train/gen_000000,50,47,3,41.336814880371094,3.0816006660461426,64.18402862548828,3.1675984859466553,65.07025146484375,47.0,1.7342990636825562,50.300010681152344,3.0,,,simulator_output/mcts_dnn_checkpoints/best.pt,
1768870882.4606626,train,0,9,simulator_output/mcts_dnn_dataset/train/gen_000000,50,47,3,20.398181915283203,3.080798387527466,22.31157112121582,3.16689395904541,20.852563858032227,47.0,1.731971263885498,45.16936492919922,3.0,,,simulator_output/mcts_dnn_checkpoints/best.pt,
1768870882.464158,train,0,10,simulator_output/mcts_dnn_dataset/train/gen_000000,50,47,3,30.222421646118164,3.079923629760742,41.965301513671875,3.1661136150360107,39.89155960083008,47.0,1.729612112045288,74.4539794921875,3.0,,,simulator_output/mcts_dnn_checkpoints/best.pt,
1768870882.467433,train,0,11,simulator_output/mcts_dnn_dataset/train/gen_000000,50,47,3,26.16289710998535,3.0790646076202393,33.85140609741211,3.165334939956665,31.70134162902832,47.0,1.72749924659729,67.53575134277344,3.0,,,simulator_output/mcts_dnn_checkpoints/best.pt,
1768870882.4701536,train,0,12,simulator_output/mcts_dnn_dataset/train/gen_000000,50,47,3,20.146066665649414,3.078263759613037,21.822551727294922,3.1646058559417725,20.544069290161133,47.0,1.7255710363388062,41.85211944580078,3.0,,,simulator_output/mcts_dnn_checkpoints/best.pt,
1768870882.472714,train,0,13,simulator_output/mcts_dnn_dataset/train/gen_000000,50,47,3,20.189563751220703,3.077512502670288,21.91405487060547,3.163942575454712,20.7225284576416,47.0,1.7234395742416382,40.58129119873047,3.0,,,simulator_output/mcts_dnn_checkpoints/best.pt,
1768870882.4753234,train,0,14,simulator_output/mcts_dnn_dataset/train/gen_000000,50,47,3,21.385887145996094,3.0767030715942383,24.311553955078125,3.1632370948791504,22.51337432861328,47.0,1.7210044860839844,52.48305892944336,3.0,,,simulator_output/mcts_dnn_checkpoints/best.pt,
1768870882.4788625,train,0,15,simulator_output/mcts_dnn_dataset/train/gen_000000,50,47,3,20.568586349487305,3.0759541988372803,22.681447982788086,3.1625828742980957,21.076717376708984,47.0,1.7187761068344116,47.822235107421875,3.0,,,simulator_output/mcts_dnn_checkpoints/best.pt,
1768870882.4815786,train,0,16,simulator_output/mcts_dnn_dataset/train/gen_000000,50,47,3,20.33514404296875,3.0752577781677246,22.2187442779541,3.161973476409912,21.303913116455078,47.0,1.7167167663574219,36.55112838745117,3.0,,,simulator_output/mcts_dnn_checkpoints/best.pt,
1768870882.4842033,train,0,17,simulator_output/mcts_dnn_dataset/train/gen_000000,50,47,3,20.140792846679688,3.074544906616211,21.834318161010742,3.1613528728485107,20.94333839416504,47.0,1.7145521640777588,35.793006896972656,3.0,,,simulator_output/mcts_dnn_checkpoints/best.pt,
1768870882.4868608,train,0,18,simulator_output/mcts_dnn_dataset/train/gen_000000,50,47,3,19.370899200439453,3.0738115310668945,20.298931121826172,3.1607167720794678,19.077442169189453,47.0,1.712293028831482,39.43560791015625,3.0,,,simulator_output/mcts_dnn_checkpoints/best.pt,
1768870882.4894955,train,0,19,simulator_output/mcts_dnn_dataset/train/gen_000000,50,47,3,18.91587257385254,3.073086738586426,19.393224716186523,3.1600899696350098,18.268672943115234,47.0,1.7100393772125244,37.011199951171875,3.0,,,simulator_output/mcts_dnn_checkpoints/best.pt,
1768870882.4922616,train,0,20,simulator_output/mcts_dnn_dataset/train/gen_000000,50,47,3,19.556625366210938,3.0723719596862793,20.679019927978516,3.1594724655151367,19.837095260620117,47.0,1.707798957824707,33.869171142578125,3.0,,,simulator_output/mcts_dnn_checkpoints/best.pt,
1768870882.4956963,train,0,21,simulator_output/mcts_dnn_dataset/train/gen_000000,50,47,3,18.936752319335938,3.071685314178467,19.443395614624023,3.1588809490203857,18.56216812133789,47.0,1.7056238651275635,33.249305725097656,3.0,,,simulator_output/mcts_dnn_checkpoints/best.pt,
1768870882.4983895,train,0,22,simulator_output/mcts_dnn_dataset/train/gen_000000,50,47,3,17.792739868164062,3.071023464202881,17.159339904785156,3.1583120822906494,16.246795654296875,47.0,1.703499674797058,31.45587730407715,3.0,,,simulator_output/mcts_dnn_checkpoints/best.pt,
1768870882.5010214,train,0,23,simulator_output/mcts_dnn_dataset/train/gen_000000,50,47,3,17.193052291870117,3.0703647136688232,15.963916778564453,3.1577513217926025,15.074492454528809,47.0,1.7013076543807983,29.898235321044922,3.0,,,simulator_output/mcts_dnn_checkpoints/best.pt,
1768870882.5046997,train,0,24,simulator_output/mcts_dnn_dataset/train/gen_000000,50,47,3,17.06294822692871,3.0697364807128906,15.707478523254395,3.1572258472442627,14.715556144714355,47.0,1.699073076248169,31.247602462768555,3.0,,,simulator_output/mcts_dnn_checkpoints/best.pt,
1768870882.5076995,train,0,25,simulator_output/mcts_dnn_dataset/train/gen_000000,50,47,3,16.057785034179688,3.0691349506378174,13.700758934020996,3.156717300415039,12.661158561706543,47.0,1.697014331817627,29.987842559814453,3.0,,,simulator_output/mcts_dnn_checkpoints/best.pt,
1768870882.5106466,train,0,26,simulator_output/mcts_dnn_dataset/train/gen_000000,50,47,3,15.781193733215332,3.068554401397705,13.151060104370117,3.156221389770508,12.399476051330566,47.0,1.6951059103012085,24.925888061523438,3.0,,,simulator_output/mcts_dnn_checkpoints/best.pt,
1768870882.5136452,train,0,27,simulator_output/mcts_dnn_dataset/train/gen_000000,50,47,3,15.124380111694336,3.0679893493652344,11.840825080871582,3.1557440757751465,11.104643821716309,47.0,1.6931653022766113,23.374319076538086,3.0,,,simulator_output/mcts_dnn_checkpoints/best.pt,
1768870882.5167947,train,0,28,simulator_output/mcts_dnn_dataset/train/gen_000000,50,47,3,13.778942108154297,3.0674540996551514,9.153160095214844,3.1553025245666504,8.099390983581543,47.0,1.6911637783050537,25.662214279174805,3.0,,,simulator_output/mcts_dnn_checkpoints/best.pt,
1768870882.5193782,train,0,29,simulator_output/mcts_dnn_dataset/train/gen_000000,50,47,3,13.094907760620117,3.0669262409210205,7.788258075714111,3.154855489730835,6.777547359466553,47.0,1.6893689632415771,23.622724533081055,3.0,,,simulator_output/mcts_dnn_checkpoints/best.pt,
1768870882.5219173,train,0,30,simulator_output/mcts_dnn_dataset/train/gen_000000,50,47,3,15.041467666625977,3.06636643409729,11.684737205505371,3.154364585876465,11.208812713623047,47.0,1.687728762626648,19.140892028808594,3.0,,,simulator_output/mcts_dnn_checkpoints/best.pt,
1768870882.524472,train,0,31,simulator_output/mcts_dnn_dataset/train/gen_000000,50,47,3,14.680526733398438,3.065861940383911,10.965882301330566,3.1539406776428223,10.477232933044434,47.0,1.6859630346298218,18.621395111083984,3.0,,,simulator_output/mcts_dnn_checkpoints/best.pt,
1768870882.5270143,train,0,32,simulator_output/mcts_dnn_dataset/train/gen_000000,50,47,3,12.976985931396484,3.0654454231262207,7.561297416687012,3.1536149978637695,6.822176933288574,47.0,1.6841239929199219,19.14086151123047,3.0,,,simulator_output/mcts_dnn_checkpoints/best.pt,
1768870882.5295994,train,0,33,simulator_output/mcts_dnn_dataset/train/gen_000000,50,47,3,12.957310676574707,3.065004587173462,7.524593830108643,3.153247594833374,6.830342769622803,47.0,1.6825313568115234,18.401195526123047,3.0,,,simulator_output/mcts_dnn_checkpoints/best.pt,
1768870882.5321639,train,0,34,simulator_output/mcts_dnn_dataset/train/gen_000000,50,47,3,14.718480110168457,3.0645463466644287,11.0496826171875,3.152845621109009,10.404154777526855,47.0,1.681194543838501,21.162948608398438,3.0,,,simulator_output/mcts_dnn_checkpoints/best.pt,
1768870882.5347328,train,0,35,simulator_output/mcts_dnn_dataset/train/gen_000000,50,47,3,13.901215553283691,3.064116954803467,9.417730331420898,3.152489185333252,8.62708568572998,47.0,1.6796197891235352,21.804494857788086,3.0,,,simulator_output/mcts_dnn_checkpoints/best.pt,
1768870882.5373352,train,0,36,simulator_output/mcts_dnn_dataset/train/gen_000000,50,47,3,13.179536819458008,3.0637686252593994,7.976460933685303,3.152229070663452,7.306589603424072,47.0,1.6778886318206787,18.471118927001953,3.0,,,simulator_output/mcts_dnn_checkpoints/best.pt,
1768870882.539917,train,0,37,simulator_output/mcts_dnn_dataset/train/gen_000000,50,47,3,12.929041862487793,3.063356876373291,7.477941513061523,3.1518871784210205,6.767463684082031,47.0,1.676379919052124,18.6087703704834,3.0,,,simulator_output/mcts_dnn_checkpoints/best.pt,
1768870882.5425029,train,0,38,simulator_output/mcts_dnn_dataset/train/gen_000000,50,47,3,13.036040306091309,3.0628886222839355,7.694749355316162,3.1514742374420166,6.723001956939697,47.0,1.6750472784042358,22.91879653930664,3.0,,,simulator_output/mcts_dnn_checkpoints/best.pt,
1768870882.5450838,train,0,39,simulator_output/mcts_dnn_dataset/train/gen_000000,50,47,3,12.607686996459961,3.0625016689300537,6.840364456176758,3.1511595249176025,5.862008571624756,47.0,1.673534631729126,22.167938232421875,3.0,,,simulator_output/mcts_dnn_checkpoints/best.pt,
1768870882.5478172,train,0,40,simulator_output/mcts_dnn_dataset/train/gen_000000,50,47,3,12.562970161437988,3.0621840953826904,6.75283670425415,3.150927782058716,6.014747142791748,47.0,1.671866774559021,18.316242218017578,3.0,,,simulator_output/mcts_dnn_checkpoints/best.pt,
1768870882.5504005,train,0,41,simulator_output/mcts_dnn_dataset/train/gen_000000,50,47,3,12.347403526306152,3.061793565750122,6.324044704437256,3.150609254837036,5.562291622161865,47.0,1.6703510284423828,18.258174896240234,3.0,,,simulator_output/mcts_dnn_checkpoints/best.pt,
1768870882.5529807,train,0,42,simulator_output/mcts_dnn_dataset/train/gen_000000,50,47,3,12.422869682312012,3.061330795288086,6.477754592895508,3.150207996368408,5.559420108795166,47.0,1.6689260005950928,20.864994049072266,3.0,,,simulator_output/mcts_dnn_checkpoints/best.pt,
1768870882.5555592,train,0,43,simulator_output/mcts_dnn_dataset/train/gen_000000,50,47,3,12.196342468261719,3.0609655380249023,6.026892185211182,3.149915933609009,5.12413215637207,47.0,1.6674070358276367,20.170135498046875,3.0,,,simulator_output/mcts_dnn_checkpoints/best.pt,
1768870882.5581377,train,0,44,simulator_output/mcts_dnn_dataset/train/gen_000000,50,47,3,12.360185623168945,3.0606837272644043,6.356269359588623,3.149719476699829,5.602407932281494,47.0,1.6657931804656982,18.166763305664062,3.0,,,simulator_output/mcts_dnn_checkpoints/best.pt,
1768870882.5607018,train,0,45,simulator_output/mcts_dnn_dataset/train/gen_000000,50,47,3,12.16405200958252,3.060314893722534,5.96621561050415,3.149423599243164,5.187219619750977,47.0,1.6642811298370361,18.170490264892578,3.0,,,simulator_output/mcts_dnn_checkpoints/best.pt,
1768870882.5632765,train,0,46,simulator_output/mcts_dnn_dataset/train/gen_000000,50,47,3,12.12551212310791,3.0598552227020264,5.8918938636779785,3.1490275859832764,5.032452583312988,47.0,1.6628212928771973,19.35647964477539,3.0,,,simulator_output/mcts_dnn_checkpoints/best.pt,
1768870882.5658882,train,0,47,simulator_output/mcts_dnn_dataset/train/gen_000000,50,47,3,11.936392784118652,3.0594887733459473,5.515852451324463,3.148736000061035,4.65845251083374,47.0,1.6612857580184937,18.94845962524414,3.0,,,simulator_output/mcts_dnn_checkpoints/best.pt,
1768870882.568477,train,0,48,simulator_output/mcts_dnn_dataset/train/gen_000000,50,47,3,12.0484619140625,3.059208869934082,5.741671562194824,3.14854097366333,4.931670188903809,47.0,1.6596730947494507,18.43169403076172,3.0,,,simulator_output/mcts_dnn_checkpoints/best.pt,
1768870882.571064,train,0,49,simulator_output/mcts_dnn_dataset/train/gen_000000,50,47,3,11.820335388183594,3.05884051322937,5.287628650665283,3.148247480392456,4.4497504234313965,47.0,1.6581337451934814,18.414390563964844,3.0,,,simulator_output/mcts_dnn_checkpoints/best.pt,
1768870882.5736613,train,0,50,simulator_output/mcts_dnn_dataset/train/gen_000000,50,47,3,12.006783485412598,3.058394193649292,5.663201808929443,3.1478676795959473,4.840804576873779,47.0,1.6566400527954102,18.547428131103516,3.0,,,simulator_output/mcts_dnn_checkpoints/best.pt,
1768870882.5828807,eval,0,50,simulator_output/mcts_dnn_dataset/train/gen_000000,50,47,3,11.84181809902191,3.0580430173873903,5.335378093719482,3.1475930213928223,4.507718086242676,47.0,1.6550929546356201,18.302051544189453,3.0,True,simulator_output/mcts_dnn_checkpoints/ckpt_gen_000000_step_000050.pt,simulator_output/mcts_dnn_checkpoints/best.pt,
1768874961.819991,train,1,51,simulator_output/mcts_dnn_dataset/train/gen_000001,50,48,2,37.7899169921875,3.0861129760742188,57.06315231323242,3.146015167236328,59.300025939941406,48.0,1.6484601497650146,3.3781237602233887,2.0,,,simulator_output/mcts_dnn_checkpoints/best.pt,
1768874961.823805,train,1,52,simulator_output/mcts_dnn_dataset/train/gen_000001,50,48,2,25.403526306152344,3.085648536682129,32.29315948486328,3.145617961883545,33.55536651611328,48.0,1.6463820934295654,2.000223398208618,2.0,,,simulator_output/mcts_dnn_checkpoints/best.pt,
1768874961.8275707,train,1,53,simulator_output/mcts_dnn_dataset/train/gen_000001,50,48,2,12.519536972045898,3.085075855255127,6.528616905212402,3.145127058029175,6.494176864624023,48.0,1.6438485383987427,7.355173110961914,2.0,,,simulator_output/mcts_dnn_checkpoints/best.pt,
1768874961.8306842,train,1,54,simulator_output/mcts_dnn_dataset/train/gen_000001,50,48,2,32.08842086791992,3.0843377113342285,45.670814514160156,3.1445112228393555,46.000640869140625,48.0,1.6401746273040771,37.755027770996094,2.0,,,simulator_output/mcts_dnn_checkpoints/best.pt,
1768874961.8337398,train,1,55,simulator_output/mcts_dnn_dataset/train/gen_000001,50,48,2,62.48760986328125,3.0838284492492676,106.47224426269531,3.1440980434417725,108.30721282958984,48.0,1.6373577117919922,62.433067321777344,2.0,,,simulator_output/mcts_dnn_checkpoints/best.pt,
1768874961.8366802,train,1,56,simulator_output/mcts_dnn_dataset/train/gen_000001,50,48,2,59.869510650634766,3.083549737930298,101.23772430419922,3.1438846588134766,103.02166748046875,48.0,1.6355171203613281,58.423072814941406,2.0,,,simulator_output/mcts_dnn_checkpoints/best.pt,
1768874961.8394434,train,1,57,simulator_output/mcts_dnn_dataset/train/gen_000001,50,48,2,31.362110137939453,3.0834853649139404,44.22330856323242,3.143854856491089,44.7279052734375,48.0,1.6346181631088257,32.11299133300781,2.0,,,simulator_output/mcts_dnn_checkpoints/best.pt,
1768874961.8421602,train,1,58,simulator_output/mcts_dnn_dataset/train/gen_000001,50,48,2,11.545578956604004,3.083604335784912,4.589532852172852,3.143977642059326,4.51412296295166,48.0,1.6346538066864014,6.399370193481445,2.0,,,simulator_output/mcts_dnn_checkpoints/best.pt,
1768874961.8448586,train,1,59,simulator_output/mcts_dnn_dataset/train/gen_000001,50,48,2,22.863384246826172,3.083848476409912,27.22368049621582,3.1442112922668457,28.303997039794922,48.0,1.635141134262085,1.2961581945419312,2.0,,,simulator_output/mcts_dnn_checkpoints/best.pt,
1768874961.8475316,train,1,60,simulator_output/mcts_dnn_dataset/train/gen_000001,50,48,2,37.245094299316406,3.083836317062378,55.98716735839844,3.1442267894744873,58.030311584472656,48.0,1.6344661712646484,6.951708793640137,2.0,,,simulator_output/mcts_dnn_checkpoints/best.pt,
1768874961.850385,train,1,61,simulator_output/mcts_dnn_dataset/train/gen_000001,50,48,2,38.99834060668945,3.0836024284362793,59.49506759643555,3.1440541744232178,61.666473388671875,48.0,1.6327675580978394,7.3813066482543945,2.0,,,simulator_output/mcts_dnn_checkpoints/best.pt,
1768874961.853606,train,1,62,simulator_output/mcts_dnn_dataset/train/gen_000001,50,48,2,29.456756591796875,3.0831735134124756,40.41447067260742,3.1437196731567383,41.97935485839844,48.0,1.6300675868988037,2.8572990894317627,2.0,,,simulator_output/mcts_dnn_checkpoints/best.pt,
1768874961.856261,train,1,63,simulator_output/mcts_dnn_dataset/train/gen_000001,50,48,2,16.150575637817383,3.0825586318969727,13.805800437927246,3.143233060836792,14.27839469909668,48.0,1.6263736486434937,2.4635729789733887,2.0,,,simulator_output/mcts_dnn_checkpoints/best.pt,
1768874961.8589208,train,1,64,simulator_output/mcts_dnn_dataset/train/gen_000001,50,48,2,16.88284683227539,3.0817482471466064,15.275203704833984,3.1425883769989014,14.695075988769531,48.0,1.621590495109558,29.19827651977539,2.0,,,simulator_output/mcts_dnn_checkpoints/best.pt,
1768874961.8615704,train,1,65,simulator_output/mcts_dnn_dataset/train/gen_000001,50,48,2,29.469593048095703,3.081334114074707,40.45117950439453,3.1422717571258545,39.716270446777344,48.0,1.6188383102416992,58.089046478271484,2.0,,,simulator_output/mcts_dnn_checkpoints/best.pt,
1768874961.8642058,train,1,66,simulator_output/mcts_dnn_dataset/train/gen_000001,50,48,2,30.95668601989746,3.0812714099884033,43.425743103027344,3.142240524291992,42.722679138183594,48.0,1.6180144548416138,60.29934310913086,2.0,,,simulator_output/mcts_dnn_checkpoints/best.pt,
1768874961.867423,train,1,67,simulator_output/mcts_dnn_dataset/train/gen_000001,50,48,2,20.21656036376953,3.081533432006836,21.943918228149414,3.1424717903137207,21.333377838134766,48.0,1.6190141439437866,36.59687042236328,2.0,,,simulator_output/mcts_dnn_checkpoints/best.pt,
1768874961.870052,train,1,68,simulator_output/mcts_dnn_dataset/train/gen_000001,50,48,2,12.203140258789062,3.0820858478546143,5.913764476776123,3.1429383754730225,5.772027969360352,48.0,1.6216247081756592,9.315443992614746,2.0,,,simulator_output/mcts_dnn_checkpoints/best.pt,
1768874961.8726463,train,1,69,simulator_output/mcts_dnn_dataset/train/gen_000001,50,48,2,17.638885498046875,3.0826404094696045,16.78192901611328,3.143385648727417,17.45229721069336,48.0,1.6247574090957642,0.693109929561615,2.0,,,simulator_output/mcts_dnn_checkpoints/best.pt,
1768874961.8751955,train,1,70,simulator_output/mcts_dnn_dataset/train/gen_000001,50,48,2,23.64936637878418,3.0829973220825195,28.800748825073242,3.143676280975342,29.753948211669922,48.0,1.626710057258606,5.923989772796631,2.0,,,simulator_output/mcts_dnn_checkpoints/best.pt,
1768874961.8777788,train,1,71,simulator_output/mcts_dnn_dataset/train/gen_000001,50,48,2,21.438823699951172,3.0831594467163086,24.378692626953125,3.143803358078003,25.052051544189453,48.0,1.627710223197937,8.218063354492188,2.0,,,simulator_output/mcts_dnn_checkpoints/best.pt,
1768874961.8804684,train,1,72,simulator_output/mcts_dnn_dataset/train/gen_000001,50,48,2,14.146760940551758,3.083101987838745,9.794910430908203,3.143739700317383,9.972040176391602,48.0,1.6278008222579956,5.5438032150268555,2.0,,,simulator_output/mcts_dnn_checkpoints/best.pt,
1768874961.8830695,train,1,73,simulator_output/mcts_dnn_dataset/train/gen_000001,50,48,2,19.431188583374023,3.082794189453125,20.365612030029297,3.143458843231201,21.067264556884766,48.0,1.6268495321273804,3.5259439945220947,2.0,,,simulator_output/mcts_dnn_checkpoints/best.pt,
1768874961.885643,train,1,74,simulator_output/mcts_dnn_dataset/train/gen_000001,50,48,2,32.3727912902832,3.082603693008423,46.24995803833008,3.1432740688323975,47.93967819213867,48.0,1.626516580581665,5.696812629699707,2.0,,,simulator_output/mcts_dnn_checkpoints/best.pt,
1768874961.8882582,train,1,75,simulator_output/mcts_dnn_dataset/train/gen_000001,50,48,2,29.739097595214844,3.0825414657592773,40.98294448852539,3.143195629119873,42.47773361206055,48.0,1.6268444061279297,5.107990741729736,2.0,,,simulator_output/mcts_dnn_checkpoints/best.pt,
1768874961.8908434,train,1,76,simulator_output/mcts_dnn_dataset/train/gen_000001,50,48,2,16.085866928100586,3.08262038230896,13.67601203918457,3.143240451812744,14.04548454284668,48.0,1.6277414560317993,4.808699607849121,2.0,,,simulator_output/mcts_dnn_checkpoints/best.pt,
1768874961.8934119,train,1,77,simulator_output/mcts_dnn_dataset/train/gen_000001,50,48,2,12.467059135437012,3.082834005355835,6.437114238739014,3.143411159515381,6.191997528076172,48.0,1.6289892196655273,12.31991195678711,2.0,,,simulator_output/mcts_dnn_checkpoints/best.pt,
1768874961.896005,train,1,78,simulator_output/mcts_dnn_dataset/train/gen_000001,50,48,2,16.19499969482422,3.0828258991241455,13.893045425415039,3.1434082984924316,13.793045043945312,48.0,1.6288484334945679,16.293054580688477,2.0,,,simulator_output/mcts_dnn_checkpoints/best.pt,
1768874961.8985767,train,1,79,simulator_output/mcts_dnn_dataset/train/gen_000001,50,48,2,14.766799926757812,3.082658052444458,11.037651062011719,3.143277883529663,10.94522476196289,48.0,1.6277834177017212,13.255892753601074,2.0,,,simulator_output/mcts_dnn_checkpoints/best.pt,
1768874961.901157,train,1,80,simulator_output/mcts_dnn_dataset/train/gen_000001,50,48,2,10.978879928588867,3.0823464393615723,3.4636802673339844,3.1430299282073975,3.3668246269226074,48.0,1.625948429107666,5.788221836090088,2.0,,,simulator_output/mcts_dnn_checkpoints/best.pt,
1768874961.9037335,train,1,81,simulator_output/mcts_dnn_dataset/train/gen_000001,50,48,2,16.722145080566406,3.0818493366241455,14.953191757202148,3.1426429748535156,15.488594055175781,48.0,1.6228041648864746,2.103557586669922,2.0,,,simulator_output/mcts_dnn_checkpoints/best.pt,
1768874961.9063094,train,1,82,simulator_output/mcts_dnn_dataset/train/gen_000001,50,48,2,23.281143188476562,3.0815696716308594,28.0728702545166,3.1424412727355957,29.037242889404297,48.0,1.620654582977295,4.927982807159424,2.0,,,simulator_output/mcts_dnn_checkpoints/best.pt,
1768874961.9088721,train,1,83,simulator_output/mcts_dnn_dataset/train/gen_000001,50,48,2,18.856090545654297,3.0815117359161377,19.223108291625977,3.1424288749694824,19.847278594970703,48.0,1.6195056438446045,4.24301815032959,2.0,,,simulator_output/mcts_dnn_checkpoints/best.pt,
1768874961.9114587,train,1,84,simulator_output/mcts_dnn_dataset/train/gen_000001,50,48,2,10.95517349243164,3.0816781520843506,3.420278787612915,3.142613172531128,3.5301990509033203,48.0,1.6192383766174316,0.7821964621543884,2.0,,,simulator_output/mcts_dnn_checkpoints/best.pt,
1768874961.9140599,train,1,85,simulator_output/mcts_dnn_dataset/train/gen_000001,50,48,2,14.096677780151367,3.082052230834961,9.701043128967285,3.142988681793213,10.015676498413086,48.0,1.6195775270462036,2.149845600128174,2.0,,,simulator_output/mcts_dnn_checkpoints/best.pt,
1768874961.9166486,train,1,86,simulator_output/mcts_dnn_dataset/train/gen_000001,50,48,2,19.759634017944336,3.0821478366851807,21.02638053894043,3.1431217193603516,21.72681427001953,48.0,1.6187770366668701,4.216026306152344,2.0,,,simulator_output/mcts_dnn_checkpoints/best.pt,
1768874961.9192345,train,1,87,simulator_output/mcts_dnn_dataset/train/gen_000001,50,48,2,18.89981460571289,3.081956624984741,19.30788803100586,3.1429991722106934,20.005741119384766,48.0,1.6169441938400269,2.5594069957733154,2.0,,,simulator_output/mcts_dnn_checkpoints/best.pt,
1768874961.9218411,train,1,88,simulator_output/mcts_dnn_dataset/train/gen_000001,50,48,2,13.137310028076172,3.0814852714538574,7.785708427429199,3.1426265239715576,8.109374046325684,48.0,1.6141005754470825,0.017751364037394524,2.0,,,simulator_output/mcts_dnn_checkpoints/best.pt,
1768874961.924423,train,1,89,simulator_output/mcts_dnn_dataset/train/gen_000001,50,48,2,11.202424049377441,3.0807313919067383,3.920459508895874,3.1420047283172607,3.8161120414733887,48.0,1.6101796627044678,6.424805164337158,2.0,,,simulator_output/mcts_dnn_checkpoints/best.pt,
1768874961.9270113,train,1,90,simulator_output/mcts_dnn_dataset/train/gen_000001,50,48,2,14.18804931640625,3.080371618270874,9.893868446350098,3.1417088508605957,9.716569900512695,48.0,1.608276605606079,14.149045944213867,2.0,,,simulator_output/mcts_dnn_checkpoints/best.pt,
1768874961.9296024,train,1,91,simulator_output/mcts_dnn_dataset/train/gen_000001,50,48,2,12.667951583862305,3.0803892612457275,6.853568077087402,3.1417346000671387,6.62211799621582,48.0,1.6081058979034424,12.408363342285156,2.0,,,simulator_output/mcts_dnn_checkpoints/best.pt,
1768874961.9321897,train,1,92,simulator_output/mcts_dnn_dataset/train/gen_000001,50,48,2,10.065711975097656,3.0807693004608154,1.6468086242675781,3.142073631286621,1.542324423789978,48.0,1.6094642877578735,4.1544318199157715,2.0,,,simulator_output/mcts_dnn_checkpoints/best.pt,
1768874961.9347937,train,1,93,simulator_output/mcts_dnn_dataset/train/gen_000001,50,48,2,9.99623966217041,3.0807018280029297,1.508268117904663,3.1419894695281982,1.5166925191879272,48.0,1.609804630279541,1.3060834407806396,2.0,,,simulator_output/mcts_dnn_checkpoints/best.pt,
1768874961.9373877,train,1,94,simulator_output/mcts_dnn_dataset/train/gen_000001,50,48,2,9.77917194366455,3.0802290439605713,1.0769685506820679,3.141545295715332,1.0265278816223145,48.0,1.6086416244506836,2.2875466346740723,2.0,,,simulator_output/mcts_dnn_checkpoints/best.pt,
1768874961.9400272,train,1,95,simulator_output/mcts_dnn_dataset/train/gen_000001,50,48,2,10.109479904174805,3.0800492763519287,1.738664150238037,3.1413674354553223,1.767966628074646,48.0,1.6084147691726685,1.0354076623916626,2.0,,,simulator_output/mcts_dnn_checkpoints/best.pt,
1768874961.9426787,train,1,96,simulator_output/mcts_dnn_dataset/train/gen_000001,50,48,2,10.186417579650879,3.0794155597686768,1.8963415622711182,3.140798568725586,1.9221839904785156,48.0,1.6062209606170654,1.2761216163635254,2.0,,,simulator_output/mcts_dnn_checkpoints/best.pt,
1768874961.9452739,train,1,97,simulator_output/mcts_dnn_dataset/train/gen_000001,50,48,2,9.955217361450195,3.0791380405426025,1.4356052875518799,3.1405673027038574,1.4268128871917725,48.0,1.6048460006713867,1.646626353263855,2.0,,,simulator_output/mcts_dnn_checkpoints/best.pt,
1768874961.9478767,train,1,98,simulator_output/mcts_dnn_dataset/train/gen_000001,50,48,2,9.643007278442383,3.0784335136413574,0.8154141902923584,3.139979124069214,0.7987103462219238,48.0,1.6013424396514893,1.216307520866394,2.0,,,simulator_output/mcts_dnn_checkpoints/best.pt,
1768874961.9504786,train,1,99,simulator_output/mcts_dnn_dataset/train/gen_000001,50,48,2,9.820712089538574,3.078080177307129,1.1729438304901123,3.1397368907928467,1.1232980489730835,48.0,1.598320722579956,2.364443778991699,2.0,,,simulator_output/mcts_dnn_checkpoints/best.pt,
1768874961.9530942,train,1,100,simulator_output/mcts_dnn_dataset/train/gen_000001,50,48,2,9.505017280578613,3.0773065090179443,0.5461961030960083,3.139127254486084,0.5236548185348511,48.0,1.593613862991333,1.0871870517730713,2.0,,,simulator_output/mcts_dnn_checkpoints/best.pt,
1768874961.9580576,eval,1,100,simulator_output/mcts_dnn_dataset/train/gen_000001,50,48,2,12.292015610933305,3.075989761352539,6.128092653751374,3.138061285018921,6.360992431640625,48.0,1.586273193359375,0.5384979844093323,2.0,False,simulator_output/mcts_dnn_checkpoints/ckpt_gen_000001_step_000100.pt,simulator_output/mcts_dnn_checkpoints/best.pt,
1768879129.8966846,train,2,101,simulator_output/mcts_dnn_dataset/train/gen_000002,50,47,3,35.7576904296875,2.960545063018799,53.75210952758789,3.043994665145874,49.72864532470703,47.0,1.6531671285629272,116.78633117675781,3.0,,,simulator_output/mcts_dnn_checkpoints/best.pt,
1768879129.9003973,train,2,102,simulator_output/mcts_dnn_dataset/train/gen_000002,50,47,3,16.011953353881836,2.958137035369873,14.275086402893066,3.0417332649230957,11.16032886505127,47.0,1.6484678983688354,63.072959899902344,3.0,,,simulator_output/mcts_dnn_checkpoints/best.pt,
1768879129.9039733,train,2,103,simulator_output/mcts_dnn_dataset/train/gen_000002,50,47,3,25.94312286376953,2.9554176330566406,34.15373992919922,3.039173126220703,35.031681060791016,47.0,1.643250823020935,20.399337768554688,3.0,,,simulator_output/mcts_dnn_checkpoints/best.pt,
1768879129.907712,train,2,104,simulator_output/mcts_dnn_dataset/train/gen_000002,50,47,3,55.44846725463867,2.9536819458007812,93.17484283447266,3.037560224533081,97.72019958496094,47.0,1.6395854949951172,21.96413803100586,3.0,,,simulator_output/mcts_dnn_checkpoints/best.pt,
1768879129.9108186,train,2,105,simulator_output/mcts_dnn_dataset/train/gen_000002,50,47,3,64.67906951904297,2.952749013900757,111.64163970947266,3.03670597076416,116.79843139648438,47.0,1.6374256610870361,30.85194969177246,3.0,,,simulator_output/mcts_dnn_checkpoints/best.pt,
1768879129.913972,train,2,106,simulator_output/mcts_dnn_dataset/train/gen_000002,50,47,3,46.265533447265625,2.952468156814575,74.8162612915039,3.0364606380462646,77.81327819824219,47.0,1.6365845203399658,27.862951278686523,3.0,,,simulator_output/mcts_dnn_checkpoints/best.pt,
1768879129.9175491,train,2,107,simulator_output/mcts_dnn_dataset/train/gen_000002,50,47,3,20.82196044921875,2.952751398086548,23.927413940429688,3.03674054145813,24.129138946533203,47.0,1.6369222402572632,20.767066955566406,3.0,,,simulator_output/mcts_dnn_checkpoints/best.pt,
1768879129.920917,train,2,108,simulator_output/mcts_dnn_dataset/train/gen_000002,50,47,3,15.313263893127441,2.95352840423584,12.905357360839844,3.037482976913452,11.75200366973877,47.0,1.6382406949996948,30.974567413330078,3.0,,,simulator_output/mcts_dnn_checkpoints/best.pt,
1768879129.924536,train,2,109,simulator_output/mcts_dnn_dataset/train/gen_000002,50,47,3,22.522674560546875,2.9537432193756104,27.322887420654297,3.037696599960327,26.409360885620117,47.0,1.6384748220443726,41.634788513183594,3.0,,,simulator_output/mcts_dnn_checkpoints/best.pt,
1768879129.9276602,train,2,110,simulator_output/mcts_dnn_dataset/train/gen_000002,50,47,3,22.786026000976562,2.953455686569214,27.851318359375,3.0374343395233154,27.129179000854492,47.0,1.637793779373169,39.164833068847656,3.0,,,simulator_output/mcts_dnn_checkpoints/best.pt,
1768879129.9307883,train,2,111,simulator_output/mcts_dnn_dataset/train/gen_000002,50,47,3,16.22161865234375,2.9527037143707275,14.72701358795166,3.0367307662963867,13.914565086364746,47.0,1.6362799406051636,27.455381393432617,3.0,,,simulator_output/mcts_dnn_checkpoints/best.pt,
1768879129.933813,train,2,112,simulator_output/mcts_dnn_dataset/train/gen_000002,50,47,3,14.48328971862793,2.9515020847320557,11.25756549835205,3.0355982780456543,10.478922843933105,47.0,1.6339938640594482,23.4563045501709,3.0,,,simulator_output/mcts_dnn_checkpoints/best.pt,
1768879129.9367874,train,2,113,simulator_output/mcts_dnn_dataset/train/gen_000002,50,47,3,18.209484100341797,2.9508841037750244,18.713661193847656,3.0350050926208496,18.041919708251953,47.0,1.6329896450042725,29.23763656616211,3.0,,,simulator_output/mcts_dnn_checkpoints/best.pt,
1768879129.939901,train,2,114,simulator_output/mcts_dnn_dataset/train/gen_000002,50,47,3,15.679935455322266,2.9508419036865234,13.654820442199707,3.0349526405334473,12.809053421020508,47.0,1.6331088542938232,26.90517234802246,3.0,,,simulator_output/mcts_dnn_checkpoints/best.pt,
1768879129.9426806,train,2,115,simulator_output/mcts_dnn_dataset/train/gen_000002,50,47,3,12.291980743408203,2.951334238052368,6.875955581665039,3.035405397415161,6.009951114654541,47.0,1.6342225074768066,20.4433536529541,3.0,,,simulator_output/mcts_dnn_checkpoints/best.pt,
1768879129.9454923,train,2,116,simulator_output/mcts_dnn_dataset/train/gen_000002,50,47,3,12.08954906463623,2.951181173324585,6.472012042999268,3.0352346897125244,5.678136825561523,47.0,1.634343147277832,18.90938949584961,3.0,,,simulator_output/mcts_dnn_checkpoints/best.pt,
1768879129.9483242,train,2,117,simulator_output/mcts_dnn_dataset/train/gen_000002,50,47,3,12.2938232421875,2.950456380844116,6.884909629821777,3.034515619277954,6.0168585777282715,47.0,1.633531928062439,20.484378814697266,3.0,,,simulator_output/mcts_dnn_checkpoints/best.pt,
1768879129.9511697,train,2,118,simulator_output/mcts_dnn_dataset/train/gen_000002,50,47,3,11.82625961303711,2.950334310531616,5.950514316558838,3.0343844890594482,5.125478267669678,47.0,1.633551836013794,18.876087188720703,3.0,,,simulator_output/mcts_dnn_checkpoints/best.pt,
1768879129.9540424,train,2,119,simulator_output/mcts_dnn_dataset/train/gen_000002,50,47,3,14.160672187805176,2.950673818588257,10.617301940917969,3.034712076187134,10.108797073364258,47.0,1.6340745687484741,18.583890914916992,3.0,,,simulator_output/mcts_dnn_checkpoints/best.pt,
1768879129.956906,train,2,120,simulator_output/mcts_dnn_dataset/train/gen_000002,50,47,3,14.670622825622559,2.950352668762207,11.639129638671875,3.034388303756714,11.134747505187988,47.0,1.6337945461273193,19.541118621826172,3.0,,,simulator_output/mcts_dnn_checkpoints/best.pt,
1768879129.9598246,train,2,121,simulator_output/mcts_dnn_dataset/train/gen_000002,50,47,3,11.547962188720703,2.94942307472229,5.399385929107666,3.033461093902588,4.610733985900879,47.0,1.632828950881958,17.754928588867188,3.0,,,simulator_output/mcts_dnn_checkpoints/best.pt,
1768879129.9627547,train,2,122,simulator_output/mcts_dnn_dataset/train/gen_000002,50,47,3,17.413944244384766,2.9479525089263916,17.14017105102539,3.032010793685913,16.676546096801758,47.0,1.6310423612594604,24.40363311767578,3.0,,,simulator_output/mcts_dnn_checkpoints/best.pt,
1768879129.9656801,train,2,123,simulator_output/mcts_dnn_dataset/train/gen_000002,50,47,3,22.608551025390625,2.9471676349639893,27.534095764160156,3.0312421321868896,27.435306549072266,47.0,1.629997968673706,29.08184051513672,3.0,,,simulator_output/mcts_dnn_checkpoints/best.pt,
1768879129.968597,train,2,124,simulator_output/mcts_dnn_dataset/train/gen_000002,50,47,3,16.827865600585938,2.9470279216766357,15.973564147949219,3.031113862991333,15.539177894592285,47.0,1.6296794414520264,22.778961181640625,3.0,,,simulator_output/mcts_dnn_checkpoints/best.pt,
1768879129.971513,train,2,125,simulator_output/mcts_dnn_dataset/train/gen_000002,50,47,3,11.064022064208984,2.9474780559539795,4.443175792694092,3.0315682888031006,3.6088528633117676,47.0,1.630065679550171,17.514232635498047,3.0,,,simulator_output/mcts_dnn_checkpoints/best.pt,
1768879129.9744532,train,2,126,simulator_output/mcts_dnn_dataset/train/gen_000002,50,47,3,12.027017593383789,2.947510004043579,6.3689751625061035,3.03164005279541,5.603941440582275,47.0,1.6294775009155273,18.35449981689453,3.0,,,simulator_output/mcts_dnn_checkpoints/best.pt,
1768879129.9774024,train,2,127,simulator_output/mcts_dnn_dataset/train/gen_000002,50,47,3,11.198771476745605,2.946854829788208,4.716413974761963,3.031022071838379,3.9084126949310303,47.0,1.6282352209091187,17.375102996826172,3.0,,,simulator_output/mcts_dnn_checkpoints/best.pt,
1768879129.9803097,train,2,128,simulator_output/mcts_dnn_dataset/train/gen_000002,50,47,3,14.352558135986328,2.945363759994507,11.03293514251709,3.029555320739746,10.212745666503906,47.0,1.626365065574646,23.88257598876953,3.0,,,simulator_output/mcts_dnn_checkpoints/best.pt,
1768879129.9832067,train,2,129,simulator_output/mcts_dnn_dataset/train/gen_000002,50,47,3,16.64856719970703,2.9445343017578125,15.629928588867188,3.028743028640747,14.886863708496094,47.0,1.6252660751342773,27.271270751953125,3.0,,,simulator_output/mcts_dnn_checkpoints/best.pt,
1768879129.986128,train,2,130,simulator_output/mcts_dnn_dataset/train/gen_000002,50,47,3,12.093585014343262,2.9443771839141846,6.520906448364258,3.0286006927490234,5.613077640533447,47.0,1.6248711347579956,20.743560791015625,3.0,,,simulator_output/mcts_dnn_checkpoints/best.pt,
1768879129.9890606,train,2,131,simulator_output/mcts_dnn_dataset/train/gen_000002,50,47,3,12.567200660705566,2.9447872638702393,7.465676784515381,3.0290234088897705,6.7827534675598145,47.0,1.625085711479187,18.16481590270996,3.0,,,simulator_output/mcts_dnn_checkpoints/best.pt,
1768879129.992008,train,2,132,simulator_output/mcts_dnn_dataset/train/gen_000002,50,47,3,14.60421371459961,2.9444546699523926,11.541699409484863,3.028698682785034,10.975532531738281,47.0,1.6246349811553955,20.41164207458496,3.0,,,simulator_output/mcts_dnn_checkpoints/best.pt,
1768879129.9949408,train,2,133,simulator_output/mcts_dnn_dataset/train/gen_000002,50,47,3,11.396950721740723,2.9434967041015625,5.13292121887207,3.0277445316314697,4.322292804718018,47.0,1.6236176490783691,17.832767486572266,3.0,,,simulator_output/mcts_dnn_checkpoints/best.pt,
1768879129.9978647,train,2,134,simulator_output/mcts_dnn_dataset/train/gen_000002,50,47,3,12.993890762329102,2.942016839981079,8.335680961608887,3.026271343231201,7.63777494430542,47.0,1.6220301389694214,19.2695369720459,3.0,,,simulator_output/mcts_dnn_checkpoints/best.pt,
1768879130.00077,train,2,135,simulator_output/mcts_dnn_dataset/train/gen_000002,50,47,3,15.2972412109375,2.941295623779297,12.946707725524902,3.025562286376953,12.42003345489502,47.0,1.621119737625122,21.197940826416016,3.0,,,simulator_output/mcts_dnn_checkpoints/best.pt,
1768879130.0037286,train,2,136,simulator_output/mcts_dnn_dataset/train/gen_000002,50,47,3,11.194141387939453,2.9412074089050293,4.741038799285889,3.025484323501587,3.9375181198120117,47.0,1.6208685636520386,17.329532623291016,3.0,,,simulator_output/mcts_dnn_checkpoints/best.pt,
1768879130.0066404,train,2,137,simulator_output/mcts_dnn_dataset/train/gen_000002,50,47,3,13.104158401489258,2.9417200088500977,8.55799674987793,3.026008367538452,7.779651165008545,47.0,1.6211994886398315,20.752077102661133,3.0,,,simulator_output/mcts_dnn_checkpoints/best.pt,
1768879130.0095756,train,2,138,simulator_output/mcts_dnn_dataset/train/gen_000002,50,47,3,16.061443328857422,2.9415690898895264,14.473471641540527,3.025869607925415,13.840754508972168,47.0,1.620863914489746,24.38603973388672,3.0,,,simulator_output/mcts_dnn_checkpoints/best.pt,
1768879130.012484,train,2,139,simulator_output/mcts_dnn_dataset/train/gen_000002,50,47,3,12.835318565368652,2.940790891647339,8.02589225769043,3.025101900100708,7.246665000915527,47.0,1.6199212074279785,20.233779907226562,3.0,,,simulator_output/mcts_dnn_checkpoints/best.pt,
1768879130.0154169,train,2,140,simulator_output/mcts_dnn_dataset/train/gen_000002,50,47,3,10.934487342834473,2.939429759979248,4.232397556304932,3.0237510204315186,3.382929801940918,47.0,1.6183991432189941,17.54073143005371,3.0,,,simulator_output/mcts_dnn_checkpoints/best.pt,
1768879130.0183454,train,2,141,simulator_output/mcts_dnn_dataset/train/gen_000002,50,47,3,12.230462074279785,2.938790798187256,6.828179836273193,3.0231101512908936,6.047852516174316,47.0,1.6177873611450195,19.053316116333008,3.0,,,simulator_output/mcts_dnn_checkpoints/best.pt,
1768879130.021317,train,2,142,simulator_output/mcts_dnn_dataset/train/gen_000002,50,47,3,10.268760681152344,2.938849925994873,2.904423236846924,3.023160696029663,2.0139424800872803,47.0,1.6179860830307007,16.855289459228516,3.0,,,simulator_output/mcts_dnn_checkpoints/best.pt,
1768879130.0242445,train,2,143,simulator_output/mcts_dnn_dataset/train/gen_000002,50,47,3,12.822525024414062,2.939500093460083,8.008049011230469,3.0237958431243896,7.237098693847656,47.0,1.6188633441925049,20.086273193359375,3.0,,,simulator_output/mcts_dnn_checkpoints/best.pt,
1768879130.0271611,train,2,144,simulator_output/mcts_dnn_dataset/train/gen_000002,50,47,3,14.532272338867188,2.939399003982544,11.428150177001953,3.023681879043579,10.748763084411621,47.0,1.618966817855835,22.071887969970703,3.0,,,simulator_output/mcts_dnn_checkpoints/best.pt,
1768879130.0300891,train,2,145,simulator_output/mcts_dnn_dataset/train/gen_000002,50,47,3,11.197647094726562,2.9386110305786133,4.763627052307129,3.022881031036377,3.925276041030884,47.0,1.6183818578720093,17.897796630859375,3.0,,,simulator_output/mcts_dnn_checkpoints/best.pt,
1768879130.0330265,train,2,146,simulator_output/mcts_dnn_dataset/train/gen_000002,50,47,3,12.195366859436035,2.9372339248657227,6.767330646514893,3.021493911743164,5.9664201736450195,47.0,1.6171643733978271,19.314931869506836,3.0,,,simulator_output/mcts_dnn_checkpoints/best.pt,
1768879130.035966,train,2,147,simulator_output/mcts_dnn_dataset/train/gen_000002,50,47,3,14.592203140258789,2.936692476272583,11.564249992370605,3.0209522247314453,10.853092193603516,47.0,1.616625189781189,22.705738067626953,3.0,,,simulator_output/mcts_dnn_checkpoints/best.pt,
1768879130.0388975,train,2,148,simulator_output/mcts_dnn_dataset/train/gen_000002,50,47,3,11.034138679504395,2.936906337738037,4.446839809417725,3.0211730003356934,3.552135705947876,47.0,1.6167280673980713,18.463871002197266,3.0,,,simulator_output/mcts_dnn_checkpoints/best.pt,
1768879130.0418391,train,2,149,simulator_output/mcts_dnn_dataset/train/gen_000002,50,47,3,11.711249351501465,2.937826156616211,5.795541286468506,3.022109270095825,5.019106864929199,47.0,1.6173923015594482,17.95968246459961,3.0,,,simulator_output/mcts_dnn_checkpoints/best.pt,
1768879130.0447817,train,2,150,simulator_output/mcts_dnn_dataset/train/gen_000002,50,47,3,13.821174621582031,2.9379231929779053,10.014809608459473,3.0222198963165283,9.375995635986328,47.0,1.6172759532928467,20.022907257080078,3.0,,,simulator_output/mcts_dnn_checkpoints/best.pt,
1768879130.0547752,eval,2,150,simulator_output/mcts_dnn_dataset/train/gen_000002,50,47,3,11.145591340065002,2.9372100043296814,4.6679226541519165,3.021515130996704,3.867871046066284,47.0,1.6164296865463257,17.202064514160156,3.0,True,simulator_output/mcts_dnn_checkpoints/ckpt_gen_000002_step_000150.pt,simulator_output/mcts_dnn_checkpoints/best.pt,
1768883324.2658577,train,3,151,simulator_output/mcts_dnn_dataset/train/gen_000003,50,47,3,62.212425231933594,2.837972402572632,107.39701843261719,2.9057981967926025,108.62931823730469,47.0,1.7753700017929077,88.09095764160156,3.0,,,simulator_output/mcts_dnn_checkpoints/best.pt,
1768883324.269093,train,3,152,simulator_output/mcts_dnn_dataset/train/gen_000003,50,47,3,38.891319274902344,2.8347713947296143,60.77401351928711,2.902406930923462,61.211158752441406,47.0,1.7751463651657104,53.925376892089844,3.0,,,simulator_output/mcts_dnn_checkpoints/best.pt,
1768883324.2719631,train,3,153,simulator_output/mcts_dnn_dataset/train/gen_000003,50,47,3,21.093036651611328,2.8299577236175537,25.206329345703125,2.8973026275634766,25.198633193969727,47.0,1.7748898267745972,25.326894760131836,3.0,,,simulator_output/mcts_dnn_checkpoints/best.pt,
1768883324.2748163,train,3,154,simulator_output/mcts_dnn_dataset/train/gen_000003,50,47,3,38.6182861328125,2.823354959487915,60.296443939208984,2.890312671661377,61.380924224853516,47.0,1.7743556499481201,43.30632781982422,3.0,,,simulator_output/mcts_dnn_checkpoints/best.pt,
1768883324.2775743,train,3,155,simulator_output/mcts_dnn_dataset/train/gen_000003,50,47,3,75.96160888671875,2.8193700313568115,135.0070037841797,2.8861031532287598,138.1042022705078,47.0,1.773883581161499,86.48419189453125,3.0,,,simulator_output/mcts_dnn_checkpoints/best.pt,
1768883324.2802799,train,3,156,simulator_output/mcts_dnn_dataset/train/gen_000003,50,47,3,89.27489471435547,2.8177778720855713,161.64312744140625,2.884434461593628,165.49046325683594,47.0,1.773495078086853,101.36833190917969,3.0,,,simulator_output/mcts_dnn_checkpoints/best.pt,
1768883324.2829926,train,3,157,simulator_output/mcts_dnn_dataset/train/gen_000003,50,47,3,67.54402160644531,2.81815505027771,118.17910766601562,2.884854555130005,120.9259033203125,47.0,1.7732003927230835,75.14595794677734,3.0,,,simulator_output/mcts_dnn_checkpoints/best.pt,
1768883324.285697,train,3,158,simulator_output/mcts_dnn_dataset/train/gen_000003,50,47,3,30.857864379882812,2.8203279972076416,44.79376220703125,2.887178421020508,45.36703872680664,47.0,1.7730069160461426,35.812469482421875,3.0,,,simulator_output/mcts_dnn_checkpoints/best.pt,
1768883324.2883909,train,3,159,simulator_output/mcts_dnn_dataset/train/gen_000003,50,47,3,12.065600395202637,2.8242125511169434,7.18592643737793,2.89131760597229,5.9616217613220215,47.0,1.7729047536849976,26.366695404052734,3.0,,,simulator_output/mcts_dnn_checkpoints/best.pt,
1768883324.291059,train,3,160,simulator_output/mcts_dnn_dataset/train/gen_000003,50,47,3,22.99637222290039,2.827383041381836,29.028444290161133,2.8947315216064453,27.343891143798828,47.0,1.7722581624984741,55.419795989990234,3.0,,,simulator_output/mcts_dnn_checkpoints/best.pt,
1768883324.2937205,train,3,161,simulator_output/mcts_dnn_dataset/train/gen_000003,50,47,3,35.564483642578125,2.828556776046753,54.15762710571289,2.896022081375122,52.72509765625,47.0,1.7716007232666016,76.60054779052734,3.0,,,simulator_output/mcts_dnn_checkpoints/best.pt,
1768883324.296372,train,3,162,simulator_output/mcts_dnn_dataset/train/gen_000003,50,47,3,34.56483840942383,2.8276491165161133,52.16378402709961,2.8950984477996826,50.82945251464844,47.0,1.7709434032440186,73.06829833984375,3.0,,,simulator_output/mcts_dnn_checkpoints/best.pt,
1768883324.2990801,train,3,163,simulator_output/mcts_dnn_dataset/train/gen_000003,50,47,3,22.644710540771484,2.8247714042663574,28.340795516967773,2.892080545425415,27.003816604614258,47.0,1.7702646255493164,49.286827087402344,3.0,,,simulator_output/mcts_dnn_checkpoints/best.pt,
1768883324.3017519,train,3,164,simulator_output/mcts_dnn_dataset/train/gen_000003,50,47,3,16.729690551757812,2.820073366165161,16.538938522338867,2.8871302604675293,15.85488224029541,47.0,1.7695155143737793,27.255844116210938,3.0,,,simulator_output/mcts_dnn_checkpoints/best.pt,
1768883324.304395,train,3,165,simulator_output/mcts_dnn_dataset/train/gen_000003,50,47,3,17.917583465576172,2.8167476654052734,18.934682846069336,2.8836252689361572,18.500919342041016,47.0,1.7690026760101318,25.73031997680664,3.0,,,simulator_output/mcts_dnn_checkpoints/best.pt,
1768883324.3070393,train,3,166,simulator_output/mcts_dnn_dataset/train/gen_000003,50,47,3,13.048816680908203,2.815455198287964,9.204903602600098,2.882272481918335,8.270400047302246,47.0,1.7686500549316406,23.84547233581543,3.0,,,simulator_output/mcts_dnn_checkpoints/best.pt,
1768883324.3096766,train,3,167,simulator_output/mcts_dnn_dataset/train/gen_000003,50,47,3,11.491999626159668,2.8158180713653564,6.089090347290039,2.882674217224121,4.726259708404541,47.0,1.7684075832366943,27.440114974975586,3.0,,,simulator_output/mcts_dnn_checkpoints/best.pt,
1768883324.3122976,train,3,168,simulator_output/mcts_dnn_dataset/train/gen_000003,50,47,3,12.84176254272461,2.8139145374298096,8.800037384033203,2.8806755542755127,7.435395240783691,47.0,1.7679901123046875,30.17943572998047,3.0,,,simulator_output/mcts_dnn_checkpoints/best.pt,
1768883324.3149319,train,3,169,simulator_output/mcts_dnn_dataset/train/gen_000003,50,47,3,12.046233177185059,2.8103325366973877,7.230470657348633,2.876904249191284,5.820152759552002,47.0,1.7673773765563965,29.32544708251953,3.0,,,simulator_output/mcts_dnn_checkpoints/best.pt,
1768883324.3175588,train,3,170,simulator_output/mcts_dnn_dataset/train/gen_000003,50,47,3,11.290144920349121,2.8075413703918457,5.73504114151001,2.874006748199463,4.375013828277588,47.0,1.7662522792816162,27.042144775390625,3.0,,,simulator_output/mcts_dnn_checkpoints/best.pt,
1768883324.3202233,train,3,171,simulator_output/mcts_dnn_dataset/train/gen_000003,50,47,3,10.045588493347168,2.8064467906951904,3.2524969577789307,2.8729043006896973,1.9066882133483887,47.0,1.7652812004089355,24.336833953857422,3.0,,,simulator_output/mcts_dnn_checkpoints/best.pt,
1768883324.3228445,train,3,172,simulator_output/mcts_dnn_dataset/train/gen_000003,50,47,3,13.760152816772461,2.806514263153076,10.681220054626465,2.8730363845825195,9.35512638092041,47.0,1.7643340826034546,31.45668601989746,3.0,,,simulator_output/mcts_dnn_checkpoints/best.pt,
1768883324.325484,train,3,173,simulator_output/mcts_dnn_dataset/train/gen_000003,50,47,3,15.790000915527344,2.804760694503784,14.751437187194824,2.8712360858917236,13.464619636535645,47.0,1.7633178234100342,34.91160202026367,3.0,,,simulator_output/mcts_dnn_checkpoints/best.pt,
1768883324.3281205,train,3,174,simulator_output/mcts_dnn_dataset/train/gen_000003,50,47,3,12.454309463500977,2.801239490509033,8.101180076599121,2.867560863494873,6.810222625732422,47.0,1.76220703125,28.3261775970459,3.0,,,simulator_output/mcts_dnn_checkpoints/best.pt,
1768883324.3307455,train,3,175,simulator_output/mcts_dnn_dataset/train/gen_000003,50,47,3,14.358858108520508,2.796038866043091,11.941482543945312,2.8621058464050293,11.09499740600586,47.0,1.7609862089157104,25.203086853027344,3.0,,,simulator_output/mcts_dnn_checkpoints/best.pt,
1768883324.3338702,train,3,176,simulator_output/mcts_dnn_dataset/train/gen_000003,50,47,3,15.807807922363281,2.7930760383605957,14.857157707214355,2.8590123653411865,14.087565422058105,47.0,1.7600781917572021,26.91409683227539,3.0,,,simulator_output/mcts_dnn_checkpoints/best.pt,
1768883324.336467,train,3,177,simulator_output/mcts_dnn_dataset/train/gen_000003,50,47,3,10.975010871887207,2.7921736240386963,5.196979999542236,2.8580925464630127,3.992384195327759,47.0,1.7594465017318726,24.068984985351562,3.0,,,simulator_output/mcts_dnn_checkpoints/best.pt,
1768883324.3390722,train,3,178,simulator_output/mcts_dnn_dataset/train/gen_000003,50,47,3,15.177770614624023,2.7929131984710693,13.598063468933105,2.858905553817749,12.351094245910645,47.0,1.7590358257293701,33.13392639160156,3.0,,,simulator_output/mcts_dnn_checkpoints/best.pt,
1768883324.3417323,train,3,179,simulator_output/mcts_dnn_dataset/train/gen_000003,50,47,3,20.412208557128906,2.7917473316192627,24.07393455505371,2.857701301574707,23.083145141601562,47.0,1.7584699392318726,39.5963134765625,3.0,,,simulator_output/mcts_dnn_checkpoints/best.pt,
1768883324.3448737,train,3,180,simulator_output/mcts_dnn_dataset/train/gen_000003,50,47,3,16.713972091674805,2.788846254348755,16.694866180419922,2.8546600341796875,15.629471778869629,47.0,1.7577685117721558,33.38606262207031,3.0,,,simulator_output/mcts_dnn_checkpoints/best.pt,
1768883324.3474789,train,3,181,simulator_output/mcts_dnn_dataset/train/gen_000003,50,47,3,10.410404205322266,2.7844316959381104,4.114218711853027,2.8500161170959473,2.7830352783203125,47.0,1.7569448947906494,24.96942901611328,3.0,,,simulator_output/mcts_dnn_checkpoints/best.pt,
1768883324.3501039,train,3,182,simulator_output/mcts_dnn_dataset/train/gen_000003,50,47,3,22.388084411621094,2.7782881259918213,28.10643768310547,2.8435544967651367,27.086200714111328,47.0,1.7557849884033203,44.09017562866211,3.0,,,simulator_output/mcts_dnn_checkpoints/best.pt,
1768883324.3527544,train,3,183,simulator_output/mcts_dnn_dataset/train/gen_000003,50,47,3,41.12208557128906,2.7745888233184814,65.59664154052734,2.8396787643432617,65.214599609375,47.0,1.754848837852478,71.58206176757812,3.0,,,simulator_output/mcts_dnn_checkpoints/best.pt,
1768883324.3553784,train,3,184,simulator_output/mcts_dnn_dataset/train/gen_000003,50,47,3,41.91356658935547,2.773125648498535,67.1883773803711,2.838167905807495,66.83576202392578,47.0,1.75412917137146,72.71270751953125,3.0,,,simulator_output/mcts_dnn_checkpoints/best.pt,
1768883324.358016,train,3,185,simulator_output/mcts_dnn_dataset/train/gen_000003,50,47,3,25.448528289794922,2.7737209796905518,34.254730224609375,2.8388333320617676,33.33783721923828,47.0,1.753628134727478,48.619422912597656,3.0,,,simulator_output/mcts_dnn_checkpoints/best.pt,
1768883324.3606696,train,3,186,simulator_output/mcts_dnn_dataset/train/gen_000003,50,47,3,10.583928108215332,2.776258707046509,4.510303974151611,2.8415513038635254,3.1418182849884033,47.0,1.7533396482467651,25.94991111755371,3.0,,,simulator_output/mcts_dnn_checkpoints/best.pt,
1768883324.3633254,train,3,187,simulator_output/mcts_dnn_dataset/train/gen_000003,50,47,3,18.674922943115234,2.7805004119873047,20.666845321655273,2.8460757732391357,19.723424911499023,47.0,1.7531559467315674,35.44708251953125,3.0,,,simulator_output/mcts_dnn_checkpoints/best.pt,
1768883324.365953,train,3,188,simulator_output/mcts_dnn_dataset/train/gen_000003,50,47,3,32.542030334472656,2.782579183578491,48.388587951660156,2.848308801651001,48.00703048706055,47.0,1.752816915512085,54.36637878417969,3.0,,,simulator_output/mcts_dnn_checkpoints/best.pt,
1768883324.3685994,train,3,189,simulator_output/mcts_dnn_dataset/train/gen_000003,50,47,3,34.62171173095703,2.7823376655578613,52.54939651489258,2.8480827808380127,52.22537612915039,47.0,1.752328634262085,57.625701904296875,3.0,,,simulator_output/mcts_dnn_checkpoints/best.pt,
1768883324.3712246,train,3,190,simulator_output/mcts_dnn_dataset/train/gen_000003,50,47,3,24.45361328125,2.779956579208374,32.22748565673828,2.8455910682678223,31.470550537109375,47.0,1.7516839504241943,44.08612823486328,3.0,,,simulator_output/mcts_dnn_checkpoints/best.pt,
1768883324.373848,train,3,191,simulator_output/mcts_dnn_dataset/train/gen_000003,50,47,3,11.328509330749512,2.7758212089538574,6.002092361450195,2.841242551803589,4.7075276374816895,47.0,1.7508831024169922,26.283611297607422,3.0,,,simulator_output/mcts_dnn_checkpoints/best.pt,
1768883324.3765001,train,3,192,simulator_output/mcts_dnn_dataset/train/gen_000003,50,47,3,15.800134658813477,2.770095109939575,14.979698181152344,2.835214376449585,13.788301467895508,47.0,1.7498911619186401,33.644920349121094,3.0,,,simulator_output/mcts_dnn_checkpoints/best.pt,
1768883324.3791194,train,3,193,simulator_output/mcts_dnn_dataset/train/gen_000003,50,47,3,31.97362518310547,2.767130136489868,47.3444709777832,2.832104444503784,46.708187103271484,47.0,1.749199628829956,57.312896728515625,3.0,,,simulator_output/mcts_dnn_checkpoints/best.pt,
1768883324.3817575,train,3,194,simulator_output/mcts_dnn_dataset/train/gen_000003,50,47,3,35.28661346435547,2.766650676727295,53.97332763671875,2.831620693206787,53.455482482910156,47.0,1.7487901449203491,62.086219787597656,3.0,,,simulator_output/mcts_dnn_checkpoints/best.pt,
1768883324.3843837,train,3,195,simulator_output/mcts_dnn_dataset/train/gen_000003,50,47,3,23.08551788330078,2.768458127975464,29.560285568237305,2.833552598953247,28.622900009155273,47.0,1.748647689819336,44.24602508544922,3.0,,,simulator_output/mcts_dnn_checkpoints/best.pt,
1768883324.387065,train,3,196,simulator_output/mcts_dnn_dataset/train/gen_000003,50,47,3,10.245938301086426,2.772334575653076,3.857869863510132,2.837667226791382,2.4876110553741455,47.0,1.7487907409667969,25.32526206970215,3.0,,,simulator_output/mcts_dnn_checkpoints/best.pt,
1768883324.3897114,train,3,197,simulator_output/mcts_dnn_dataset/train/gen_000003,50,47,3,16.481155395507812,2.7779436111450195,16.29465103149414,2.8436126708984375,15.173643112182617,47.0,1.749131202697754,33.85712432861328,3.0,,,simulator_output/mcts_dnn_checkpoints/best.pt,
1768883324.392338,train,3,198,simulator_output/mcts_dnn_dataset/train/gen_000003,50,47,3,28.411766052246094,2.780858278274536,40.13838195800781,2.8467094898223877,39.46118927001953,47.0,1.7491897344589233,50.74775695800781,3.0,,,simulator_output/mcts_dnn_checkpoints/best.pt,
1768883324.3949952,train,3,199,simulator_output/mcts_dnn_dataset/train/gen_000003,50,47,3,30.403209686279297,2.781311273574829,44.118553161621094,2.8472049236297607,43.52750015258789,47.0,1.7489783763885498,53.378448486328125,3.0,,,simulator_output/mcts_dnn_checkpoints/best.pt,
1768883324.397648,train,3,200,simulator_output/mcts_dnn_dataset/train/gen_000003,50,47,3,21.912553787231445,2.779557704925537,27.147762298583984,2.845369338989258,26.258934020996094,47.0,1.748508334159851,41.07276916503906,3.0,,,simulator_output/mcts_dnn_checkpoints/best.pt,
1768883324.407375,eval,3,200,simulator_output/mcts_dnn_dataset/train/gen_000003,50,47,3,10.914985926151274,2.775859260559082,5.174816288948059,2.841480255126953,3.871864080429077,47.0,1.7477970123291016,25.58773422241211,3.0,True,simulator_output/mcts_dnn_checkpoints/ckpt_gen_000003_step_000200.pt,simulator_output/mcts_dnn_checkpoints/best.pt,
1768887566.7239234,train,4,201,simulator_output/mcts_dnn_dataset/train/gen_000004,50,46,4,133.25225830078125,2.937169313430786,248.88150024414062,3.0523884296417236,253.52288818359375,46.0,1.6121532917022705,195.50559997558594,4.0,,,simulator_output/mcts_dnn_checkpoints/best.pt,
1768887566.727166,train,4,202,simulator_output/mcts_dnn_dataset/train/gen_000004,50,46,4,72.24484252929688,2.9352035522460938,126.87846374511719,3.050499677658081,127.8934326171875,46.0,1.6092994213104248,115.20636749267578,4.0,,,simulator_output/mcts_dnn_checkpoints/best.pt,
1768887566.7301915,train,4,203,simulator_output/mcts_dnn_dataset/train/gen_000004,50,46,4,47.887428283691406,2.932530164718628,78.17967224121094,3.0479159355163574,78.0250473022461,46.0,1.6055948734283447,79.9578628540039,4.0,,,simulator_output/mcts_dnn_checkpoints/best.pt,
1768887566.7333305,train,4,204,simulator_output/mcts_dnn_dataset/train/gen_000004,50,46,4,77.76631927490234,2.930727481842041,137.94827270507812,3.046139717102051,140.24044799804688,46.0,1.603487253189087,111.58824157714844,4.0,,,simulator_output/mcts_dnn_checkpoints/best.pt,
1768887566.7369199,train,4,205,simulator_output/mcts_dnn_dataset/train/gen_000004,50,46,4,99.84518432617188,2.929945230484009,182.11070251464844,3.045356035232544,186.12525939941406,46.0,1.6027230024337769,135.94329833984375,4.0,,,simulator_output/mcts_dnn_checkpoints/best.pt,
1768887566.7400105,train,4,206,simulator_output/mcts_dnn_dataset/train/gen_000004,50,46,4,86.46512603759766,2.930114984512329,155.3495635986328,3.0455069541931152,158.2100067138672,46.0,1.6031060218811035,122.4544677734375,4.0,,,simulator_output/mcts_dnn_checkpoints/best.pt,
1768887566.7430477,train,4,207,simulator_output/mcts_dnn_dataset/train/gen_000004,50,46,4,54.6724739074707,2.931107997894287,91.75830078125,3.046459674835205,91.82778930664062,46.0,1.6045644283294678,90.95922088623047,4.0,,,simulator_output/mcts_dnn_checkpoints/best.pt,
1768887566.746066,train,4,208,simulator_output/mcts_dnn_dataset/train/gen_000004,50,46,4,42.644805908203125,2.9328246116638184,67.69266510009766,3.0481109619140625,66.28276062011719,46.0,1.6070311069488525,83.90657806396484,4.0,,,simulator_output/mcts_dnn_checkpoints/best.pt,
1768887566.7487793,train,4,209,simulator_output/mcts_dnn_dataset/train/gen_000004,50,46,4,46.75779724121094,2.9331929683685303,75.91643524169922,3.0483813285827637,74.21549224853516,46.0,1.608526587486267,95.47728729248047,4.0,,,simulator_output/mcts_dnn_checkpoints/best.pt,
1768887566.751936,train,4,210,simulator_output/mcts_dnn_dataset/train/gen_000004,50,46,4,41.918540954589844,2.932582378387451,66.24159240722656,3.047675132751465,63.81336975097656,46.0,1.6090161800384521,94.16622161865234,4.0,,,simulator_output/mcts_dnn_checkpoints/best.pt,
1768887566.755009,train,4,211,simulator_output/mcts_dnn_dataset/train/gen_000004,50,46,4,33.72244644165039,2.931047201156616,49.858612060546875,3.046039581298828,47.16022491455078,46.0,1.6086368560791016,80.89007568359375,4.0,,,simulator_output/mcts_dnn_checkpoints/best.pt,
1768887566.758038,train,4,212,simulator_output/mcts_dnn_dataset/train/gen_000004,50,46,4,31.271804809570312,2.929837226867676,44.9645881652832,3.0446393489837646,42.1952018737793,46.0,1.6096160411834717,76.81257629394531,4.0,,,simulator_output/mcts_dnn_checkpoints/best.pt,
1768887566.7610478,train,4,213,simulator_output/mcts_dnn_dataset/train/gen_000004,50,46,4,25.027849197387695,2.9300456047058105,32.475425720214844,3.0447165966033936,28.12090301513672,46.0,1.6113314628601074,82.55244445800781,4.0,,,simulator_output/mcts_dnn_checkpoints/best.pt,
1768887566.7640538,train,4,214,simulator_output/mcts_dnn_dataset/train/gen_000004,50,46,4,29.490156173706055,2.9317092895507812,41.39005661010742,3.046329975128174,35.11604690551758,46.0,1.613572120666504,113.54118347167969,4.0,,,simulator_output/mcts_dnn_checkpoints/best.pt,
1768887566.7670736,train,4,215,simulator_output/mcts_dnn_dataset/train/gen_000004,50,46,4,34.13117599487305,2.9327404499053955,50.66590881347656,3.047308921813965,44.29104995727539,46.0,1.615202784538269,123.97675323486328,4.0,,,simulator_output/mcts_dnn_checkpoints/best.pt,
1768887566.770093,train,4,216,simulator_output/mcts_dnn_dataset/train/gen_000004,50,46,4,24.002117156982422,2.9326183795928955,30.40852165222168,3.047074317932129,24.166955947875977,46.0,1.6163766384124756,102.18655395507812,4.0,,,simulator_output/mcts_dnn_checkpoints/best.pt,
1768887566.773108,train,4,217,simulator_output/mcts_dnn_dataset/train/gen_000004,50,46,4,22.135356903076172,2.9308602809906006,26.685550689697266,3.0450937747955322,22.8250732421875,46.0,1.6171743869781494,71.0810546875,4.0,,,simulator_output/mcts_dnn_checkpoints/best.pt,
1768887566.7761006,train,4,218,simulator_output/mcts_dnn_dataset/train/gen_000004,50,46,4,28.70770263671875,2.930595636367798,39.83182907104492,3.0447514057159424,37.305538177490234,46.0,1.6178051233291626,68.88414764404297,4.0,,,simulator_output/mcts_dnn_checkpoints/best.pt,
1768887566.779097,train,4,219,simulator_output/mcts_dnn_dataset/train/gen_000004,50,46,4,19.70041275024414,2.9321908950805664,21.807680130004883,3.0464367866516113,17.82485008239746,46.0,1.6183619499206543,67.61023712158203,4.0,,,simulator_output/mcts_dnn_checkpoints/best.pt,
1768887566.7821038,train,4,220,simulator_output/mcts_dnn_dataset/train/gen_000004,50,46,4,27.8405704498291,2.934864044189453,38.071956634521484,3.049321174621582,34.401161193847656,46.0,1.6186108589172363,80.28614044189453,4.0,,,simulator_output/mcts_dnn_checkpoints/best.pt,
1768887566.7850986,train,4,221,simulator_output/mcts_dnn_dataset/train/gen_000004,50,46,4,35.24967575073242,2.935124635696411,52.88860321044922,3.0495967864990234,50.44964599609375,46.0,1.618698000907898,80.93666076660156,4.0,,,simulator_output/mcts_dnn_checkpoints/best.pt,
1768887566.7881043,train,4,222,simulator_output/mcts_dnn_dataset/train/gen_000004,50,46,4,22.462108612060547,2.9331798553466797,27.325136184692383,3.0474934577941895,24.01009750366211,46.0,1.618577480316162,65.44810485839844,4.0,,,simulator_output/mcts_dnn_checkpoints/best.pt,
1768887566.7911086,train,4,223,simulator_output/mcts_dnn_dataset/train/gen_000004,50,46,4,29.05083465576172,2.9292125701904297,40.52639389038086,3.043206214904785,36.434112548828125,46.0,1.618285059928894,87.5876235961914,4.0,,,simulator_output/mcts_dnn_checkpoints/best.pt,
1768887566.7941704,train,4,224,simulator_output/mcts_dnn_dataset/train/gen_000004,50,46,4,39.1928825378418,2.92828631401062,60.81604766845703,3.042198657989502,56.27203369140625,46.0,1.6182987689971924,113.07221221923828,4.0,,,simulator_output/mcts_dnn_checkpoints/best.pt,
1768887566.7978308,train,4,225,simulator_output/mcts_dnn_dataset/train/gen_000004,50,46,4,22.03179168701172,2.92972993850708,26.485204696655273,3.0437417030334473,20.89868927001953,46.0,1.6185933351516724,90.73013305664062,4.0,,,simulator_output/mcts_dnn_checkpoints/best.pt,
1768887566.800901,train,4,226,simulator_output/mcts_dnn_dataset/train/gen_000004,50,46,4,21.503429412841797,2.9333927631378174,25.406503677368164,3.0476760864257812,22.055057525634766,46.0,1.6191380023956299,63.94813537597656,4.0,,,simulator_output/mcts_dnn_checkpoints/best.pt,
1768887566.8039827,train,4,227,simulator_output/mcts_dnn_dataset/train/gen_000004,50,46,4,28.063390731811523,2.9345924854278564,38.51922607421875,3.0489423274993896,36.216392517089844,46.0,1.619570016860962,65.0018081665039,4.0,,,simulator_output/mcts_dnn_checkpoints/best.pt,
1768887566.8073056,train,4,228,simulator_output/mcts_dnn_dataset/train/gen_000004,50,46,4,18.353912353515625,2.9334161281585693,19.10732650756836,3.0476346015930176,15.1552152633667,46.0,1.6199040412902832,64.55660247802734,4.0,,,simulator_output/mcts_dnn_checkpoints/best.pt,
1768887566.8104062,train,4,229,simulator_output/mcts_dnn_dataset/train/gen_000004,50,46,4,27.66672134399414,2.9298763275146484,37.75418472290039,3.0437679290771484,32.741363525390625,46.0,1.620125412940979,95.40164184570312,4.0,,,simulator_output/mcts_dnn_checkpoints/best.pt,
1768887566.8132563,train,4,230,simulator_output/mcts_dnn_dataset/train/gen_000004,50,46,4,37.21560287475586,2.9285500049591064,56.85990524291992,3.0423173904418945,52.60042953491211,46.0,1.6202266216278076,105.84388732910156,4.0,,,simulator_output/mcts_dnn_checkpoints/best.pt,
1768887566.816352,train,4,231,simulator_output/mcts_dnn_dataset/train/gen_000004,50,46,4,21.459980010986328,2.929142713546753,25.345104217529297,3.0429534912109375,20.72125244140625,46.0,1.6203199625015259,78.5194091796875,4.0,,,simulator_output/mcts_dnn_checkpoints/best.pt,
1768887566.819234,train,4,232,simulator_output/mcts_dnn_dataset/train/gen_000004,50,46,4,17.19633674621582,2.931448221206665,16.803983688354492,3.045443058013916,12.756062507629395,46.0,1.620511770248413,63.35507583618164,4.0,,,simulator_output/mcts_dnn_checkpoints/best.pt,
1768887566.82234,train,4,233,simulator_output/mcts_dnn_dataset/train/gen_000004,50,46,4,21.610023498535156,2.9313368797302246,25.63202667236328,3.04532527923584,21.912656784057617,46.0,1.620473027229309,68.40477752685547,4.0,,,simulator_output/mcts_dnn_checkpoints/best.pt,
1768887566.82523,train,4,234,simulator_output/mcts_dnn_dataset/train/gen_000004,50,46,4,14.672966003417969,2.9291810989379883,11.770844459533691,3.04301118850708,7.390438079833984,46.0,1.6201376914978027,62.14552307128906,4.0,,,simulator_output/mcts_dnn_checkpoints/best.pt,
1768887566.8284202,train,4,235,simulator_output/mcts_dnn_dataset/train/gen_000004,50,46,4,26.15021324157715,2.9253430366516113,34.74836730957031,3.03890061378479,31.80080223083496,46.0,1.6194320917129517,68.64535522460938,4.0,,,simulator_output/mcts_dnn_checkpoints/best.pt,
1768887566.8312786,train,4,236,simulator_output/mcts_dnn_dataset/train/gen_000004,50,46,4,36.66151428222656,2.9239776134490967,55.77915954589844,3.037443161010742,54.12978744506836,46.0,1.6191242933273315,74.7469253540039,4.0,,,simulator_output/mcts_dnn_checkpoints/best.pt,
1768887566.8344665,train,4,237,simulator_output/mcts_dnn_dataset/train/gen_000004,50,46,4,22.451763153076172,2.924764394760132,27.354938507080078,3.038285732269287,24.402681350708008,46.0,1.6192710399627686,61.3058967590332,4.0,,,simulator_output/mcts_dnn_checkpoints/best.pt,
1768887566.837307,train,4,238,simulator_output/mcts_dnn_dataset/train/gen_000004,50,46,4,14.725223541259766,2.927483558654785,11.885546684265137,3.0411934852600098,7.326292991638184,46.0,1.6198177337646484,64.31697082519531,4.0,,,simulator_output/mcts_dnn_checkpoints/best.pt,
1768887566.840425,train,4,239,simulator_output/mcts_dnn_dataset/train/gen_000004,50,46,4,17.591413497924805,2.9278533458709717,17.615707397460938,3.0416133403778076,13.106528282165527,46.0,1.6196140050888062,69.47126007080078,4.0,,,simulator_output/mcts_dnn_checkpoints/best.pt,
1768887566.8432913,train,4,240,simulator_output/mcts_dnn_dataset/train/gen_000004,50,46,4,13.20683479309082,2.926178455352783,8.856597900390625,3.0398597717285156,4.533926963806152,46.0,1.6188411712646484,58.56731414794922,4.0,,,simulator_output/mcts_dnn_checkpoints/best.pt,
1768887566.8464243,train,4,241,simulator_output/mcts_dnn_dataset/train/gen_000004,50,46,4,26.26747703552246,2.9223670959472656,35.00075149536133,3.03585147857666,32.114990234375,46.0,1.6172966957092285,68.18699645996094,4.0,,,simulator_output/mcts_dnn_checkpoints/best.pt,
1768887566.8492856,train,4,242,simulator_output/mcts_dnn_dataset/train/gen_000004,50,46,4,36.028053283691406,2.9208855628967285,54.53079605102539,3.0343170166015625,51.96611785888672,46.0,1.6164236068725586,84.02461242675781,4.0,,,simulator_output/mcts_dnn_checkpoints/best.pt,
1768887566.8522336,train,4,243,simulator_output/mcts_dnn_dataset/train/gen_000004,50,46,4,22.235477447509766,2.9215104579925537,26.94189453125,3.0350117683410645,23.15700912475586,46.0,1.6162481307983398,70.46807861328125,4.0,,,simulator_output/mcts_dnn_checkpoints/best.pt,
1768887566.8554122,train,4,244,simulator_output/mcts_dnn_dataset/train/gen_000004,50,46,4,13.725812911987305,2.9241249561309814,9.906874656677246,3.037808656692505,6.004890441894531,46.0,1.6167622804641724,54.779693603515625,4.0,,,simulator_output/mcts_dnn_checkpoints/best.pt,
1768887566.8583035,train,4,245,simulator_output/mcts_dnn_dataset/train/gen_000004,50,46,4,16.76203727722168,2.9245753288269043,15.976624488830566,3.0383012294769287,12.510660171508789,46.0,1.6167290210723877,55.83522033691406,4.0,,,simulator_output/mcts_dnn_checkpoints/best.pt,
1768887566.8612359,train,4,246,simulator_output/mcts_dnn_dataset/train/gen_000004,50,46,4,12.840031623840332,2.9229671955108643,8.14225959777832,3.0366082191467285,4.14798641204834,46.0,1.6160975694656372,54.07640838623047,4.0,,,simulator_output/mcts_dnn_checkpoints/best.pt,
1768887566.8644412,train,4,247,simulator_output/mcts_dnn_dataset/train/gen_000004,50,46,4,22.837013244628906,2.919340133666992,28.15798568725586,3.0327560901641846,24.310096740722656,46.0,1.6150578260421753,72.40872192382812,4.0,,,simulator_output/mcts_dnn_checkpoints/best.pt,
1768887566.8673158,train,4,248,simulator_output/mcts_dnn_dataset/train/gen_000004,50,46,4,30.603294372558594,2.917984962463379,43.69867706298828,3.031297206878662,40.76951217651367,46.0,1.614894151687622,77.38407135009766,4.0,,,simulator_output/mcts_dnn_checkpoints/best.pt,
1768887566.8704708,train,4,249,simulator_output/mcts_dnn_dataset/train/gen_000004,50,46,4,19.314693450927734,2.91866397857666,21.117401123046875,3.031975746154785,17.910221099853516,46.0,1.61557936668396,57.99999237060547,4.0,,,simulator_output/mcts_dnn_checkpoints/best.pt,
1768887566.8733444,train,4,250,simulator_output/mcts_dnn_dataset/train/gen_000004,50,46,4,13.502481460571289,2.9211626052856445,9.477988243103027,3.0345633029937744,5.358364582061768,46.0,1.6170579195022583,56.853668212890625,4.0,,,simulator_output/mcts_dnn_checkpoints/best.pt,
1768887566.8781292,eval,4,250,simulator_output/mcts_dnn_dataset/train/gen_000004,50,46,4,16.09977048873901,2.921377906799316,14.67127353668213,3.034778118133545,10.408034324645996,46.0,1.6172754764556885,63.698524475097656,4.0,False,simulator_output/mcts_dnn_checkpoints/ckpt_gen_000004_step_000250.pt,simulator_output/mcts_dnn_checkpoints/best.pt,
