game_id,root_id,root_depth,root_node_id,root_player,num_simulations,model_root_value_controller,model_root_prior_json,normalized_root_prior_json,valid_action_mask_json,mcts_root_value_controller,mcts_root_prior_json,best_action_index,best_action_mcts_prob,best_action_model_prob,best_action_repr,best_action_json,phase,cycle_label,sim_time,slo_violations,total_lateness,total_cost
7,350,0,0,adversary,0,0.0,[],[],[],0.0,[],2,0.0,0.0,"AdversaryAction(requests=[AdversaryRequestSpec(prefill_tokens=3072, decode_tokens=5000, prefill_slo=0.3874467952163693, decode_slo=0.05), AdversaryRequestSpec(prefill_tokens=3072, decode_tokens=5000, prefill_slo=0.3874467952163693, decode_slo=0.05), AdversaryRequestSpec(prefill_tokens=3072, decode_tokens=5000, prefill_slo=0.3874467952163693, decode_slo=0.05)], stop_decode_ids=[])","{""type"": ""adversary"", ""requests"": [{""prefill_tokens"": 3072, ""decode_tokens"": 5000, ""prefill_slo"": 0.3874467952163693, ""decode_slo"": 0.05}, {""prefill_tokens"": 3072, ""decode_tokens"": 5000, ""prefill_slo"": 0.3874467952163693, ""decode_slo"": 0.05}, {""prefill_tokens"": 3072, ""decode_tokens"": 5000, ""prefill_slo"": 0.3874467952163693, ""decode_slo"": 0.05}], ""stop_decode_ids"": [], ""history_phase"": ""multiple-child""}",train_root,,0.0,0,0.0,0.0
7,350,1,1,controller,0,0.0,[],[],[],0.0,[],3,0.0,0.0,"ControllerAction(token_budget=512, selected_request_ids=[0], token_allocations={0: 512}, prefill_allocations={0: 512}, decode_allocations={}, heuristic='LJF', strategy='Fixed', mapping=None)","{""type"": ""controller"", ""token_budget"": 512, ""selected_request_ids"": [0], ""token_allocations"": {""0"": 512}, ""prefill_allocations"": {""0"": 512}, ""decode_allocations"": {}, ""heuristic"": ""LJF"", ""strategy"": ""Fixed"", ""history_phase"": ""multiple-child""}",train_root,,0.0,0,0.0,0.0
7,350,2,2,adversary,0,0.0,[],[],[],0.0,[],0,0.0,0.0,"AdversaryAction(requests=[], stop_decode_ids=[])","{""type"": ""adversary"", ""requests"": [], ""stop_decode_ids"": [], ""history_phase"": ""forced_step:single-child""}",train_root,,0.0,0,0.0,0.0
7,350,3,3,controller,0,0.0,[],[],[],0.0,[],11,0.0,0.0,"ControllerAction(token_budget=1536, selected_request_ids=[1], token_allocations={1: 1536}, prefill_allocations={1: 1536}, decode_allocations={}, heuristic='LJF', strategy='Fixed', mapping=None)","{""type"": ""controller"", ""token_budget"": 1536, ""selected_request_ids"": [1], ""token_allocations"": {""1"": 1536}, ""prefill_allocations"": {""1"": 1536}, ""decode_allocations"": {}, ""heuristic"": ""LJF"", ""strategy"": ""Fixed"", ""history_phase"": ""multiple-child""}",train_root,,0.0,0,0.0,0.0
7,350,4,4,adversary,0,0.0,[],[],[],0.0,[],0,0.0,0.0,"AdversaryAction(requests=[], stop_decode_ids=[])","{""type"": ""adversary"", ""requests"": [], ""stop_decode_ids"": [], ""history_phase"": ""forced_step:single-child""}",train_root,,0.0,0,0.0,0.0
7,350,5,5,controller,0,0.0,[],[],[],0.0,[],21,0.0,0.0,"ControllerAction(token_budget=3072, selected_request_ids=[0, 1], token_allocations={0: 2560, 1: 512}, prefill_allocations={0: 2560, 1: 512}, decode_allocations={}, heuristic='EDF', strategy='Fixed', mapping=None)","{""type"": ""controller"", ""token_budget"": 3072, ""selected_request_ids"": [0, 1], ""token_allocations"": {""0"": 2560, ""1"": 512}, ""prefill_allocations"": {""0"": 2560, ""1"": 512}, ""decode_allocations"": {}, ""heuristic"": ""EDF"", ""strategy"": ""Fixed"", ""history_phase"": ""multiple-child""}",train_root,,0.0,0,0.0,0.0
7,350,6,6,adversary,0,0.0,[],[],[],0.0,[],0,0.0,0.0,"AdversaryAction(requests=[], stop_decode_ids=[])","{""type"": ""adversary"", ""requests"": [], ""stop_decode_ids"": [], ""history_phase"": ""forced_step:single-child""}",train_root,,0.0,0,0.0,0.0
7,350,7,7,controller,0,0.0,[],[],[],0.0,[],12,0.0,0.0,"ControllerAction(token_budget=2049, selected_request_ids=[0, 1, 2], token_allocations={0: 1, 1: 1024, 2: 1024}, prefill_allocations={1: 1024, 2: 1024}, decode_allocations={0: 1}, heuristic='SJF', strategy='Fixed', mapping=None)","{""type"": ""controller"", ""token_budget"": 2049, ""selected_request_ids"": [0, 1, 2], ""token_allocations"": {""0"": 1, ""1"": 1024, ""2"": 1024}, ""prefill_allocations"": {""1"": 1024, ""2"": 1024}, ""decode_allocations"": {""0"": 1}, ""heuristic"": ""SJF"", ""strategy"": ""Fixed"", ""history_phase"": ""multiple-child""}",train_root,,0.0,0,0.0,0.0
7,350,8,8,adversary,0,0.0,[],[],[],0.0,[],0,0.0,0.0,"AdversaryAction(requests=[], stop_decode_ids=[])","{""type"": ""adversary"", ""requests"": [], ""stop_decode_ids"": [], ""history_phase"": ""forced_step:single-child""}",train_root,,0.0,0,0.0,0.0
7,350,9,9,controller,0,0.0,[],[],[],0.0,[],5,0.0,0.0,"ControllerAction(token_budget=1026, selected_request_ids=[0, 1, 2], token_allocations={0: 1, 1: 1, 2: 1024}, prefill_allocations={2: 1024}, decode_allocations={0: 1, 1: 1}, heuristic='EDF', strategy='Fixed', mapping=None)","{""type"": ""controller"", ""token_budget"": 1026, ""selected_request_ids"": [0, 1, 2], ""token_allocations"": {""0"": 1, ""1"": 1, ""2"": 1024}, ""prefill_allocations"": {""2"": 1024}, ""decode_allocations"": {""0"": 1, ""1"": 1}, ""heuristic"": ""EDF"", ""strategy"": ""Fixed"", ""history_phase"": ""multiple-child""}",train_root,,0.0,0,0.0,0.0
7,350,10,10,adversary,0,0.0,[],[],[],0.0,[],0,0.0,0.0,"AdversaryAction(requests=[], stop_decode_ids=[])","{""type"": ""adversary"", ""requests"": [], ""stop_decode_ids"": [], ""history_phase"": ""forced_step:single-child""}",train_root,,0.0,0,0.0,0.0
7,350,11,11,controller,0,0.0,[],[],[],0.0,[],0,0.0,0.0,"ControllerAction(token_budget=514, selected_request_ids=[0, 1, 2], token_allocations={0: 1, 1: 1, 2: 512}, prefill_allocations={2: 512}, decode_allocations={0: 1, 1: 1}, heuristic='SJF', strategy='Fixed', mapping=None)","{""type"": ""controller"", ""token_budget"": 514, ""selected_request_ids"": [0, 1, 2], ""token_allocations"": {""0"": 1, ""1"": 1, ""2"": 512}, ""prefill_allocations"": {""2"": 512}, ""decode_allocations"": {""0"": 1, ""1"": 1}, ""heuristic"": ""SJF"", ""strategy"": ""Fixed"", ""history_phase"": ""multiple-child""}",train_root,,0.0,0,0.0,0.0
7,350,12,12,adversary,0,0.0,[],[],[],0.0,[],0,0.0,0.0,"AdversaryAction(requests=[], stop_decode_ids=[])","{""type"": ""adversary"", ""requests"": [], ""stop_decode_ids"": [], ""history_phase"": ""forced_step:single-child""}",train_root,,0.0,0,0.0,0.0
7,350,13,13,controller,0,0.0,[],[],[],0.0,[],0,0.0,0.0,"ControllerAction(token_budget=514, selected_request_ids=[0, 1, 2], token_allocations={0: 1, 1: 1, 2: 512}, prefill_allocations={2: 512}, decode_allocations={0: 1, 1: 1}, heuristic='SJF', strategy='Fixed', mapping=None)","{""type"": ""controller"", ""token_budget"": 514, ""selected_request_ids"": [0, 1, 2], ""token_allocations"": {""0"": 1, ""1"": 1, ""2"": 512}, ""prefill_allocations"": {""2"": 512}, ""decode_allocations"": {""0"": 1, ""1"": 1}, ""heuristic"": ""SJF"", ""strategy"": ""Fixed"", ""history_phase"": ""multiple-child""}",train_root,,0.0,0,0.0,0.0
7,350,14,14,adversary,0,0.0,[],[],[],0.0,[],0,0.0,0.0,"AdversaryAction(requests=[], stop_decode_ids=[])","{""type"": ""adversary"", ""requests"": [], ""stop_decode_ids"": [], ""history_phase"": ""forced_step:single-child""}",train_root,,0.0,0,0.0,0.0
7,350,15,15,controller,0,0.0,[],[],[],0.0,[],0,0.0,0.0,"ControllerAction(token_budget=3, selected_request_ids=[0, 1, 2], token_allocations={0: 1, 1: 1, 2: 1}, prefill_allocations={}, decode_allocations={0: 1, 1: 1, 2: 1}, heuristic='SJF', strategy='Fixed', mapping=None)","{""type"": ""controller"", ""token_budget"": 3, ""selected_request_ids"": [0, 1, 2], ""token_allocations"": {""0"": 1, ""1"": 1, ""2"": 1}, ""prefill_allocations"": {}, ""decode_allocations"": {""0"": 1, ""1"": 1, ""2"": 1}, ""heuristic"": ""SJF"", ""strategy"": ""Fixed"", ""history_phase"": ""forced_step:single-child""}",train_root,,0.0,0,0.0,0.0
7,350,16,16,adversary,0,0.0,[],[],[],0.0,[],2,0.0,0.0,"AdversaryAction(requests=[AdversaryRequestSpec(prefill_tokens=3072, decode_tokens=5000, prefill_slo=0.3874467952163693, decode_slo=0.05), AdversaryRequestSpec(prefill_tokens=3072, decode_tokens=5000, prefill_slo=0.3874467952163693, decode_slo=0.05), AdversaryRequestSpec(prefill_tokens=3072, decode_tokens=5000, prefill_slo=0.3874467952163693, decode_slo=0.05)], stop_decode_ids=[])","{""type"": ""adversary"", ""requests"": [{""prefill_tokens"": 3072, ""decode_tokens"": 5000, ""prefill_slo"": 0.3874467952163693, ""decode_slo"": 0.05}, {""prefill_tokens"": 3072, ""decode_tokens"": 5000, ""prefill_slo"": 0.3874467952163693, ""decode_slo"": 0.05}, {""prefill_tokens"": 3072, ""decode_tokens"": 5000, ""prefill_slo"": 0.3874467952163693, ""decode_slo"": 0.05}], ""stop_decode_ids"": [], ""history_phase"": ""multiple-child""}",train_root,,0.0,0,0.0,0.0
7,350,17,17,controller,0,0.0,[],[],[],0.0,[],23,0.0,0.0,"ControllerAction(token_budget=3075, selected_request_ids=[0, 1, 2, 3], token_allocations={0: 1, 1: 1, 2: 1, 3: 3072}, prefill_allocations={3: 3072}, decode_allocations={0: 1, 1: 1, 2: 1}, heuristic='LJF', strategy='Fixed', mapping=None)","{""type"": ""controller"", ""token_budget"": 3075, ""selected_request_ids"": [0, 1, 2, 3], ""token_allocations"": {""0"": 1, ""1"": 1, ""2"": 1, ""3"": 3072}, ""prefill_allocations"": {""3"": 3072}, ""decode_allocations"": {""0"": 1, ""1"": 1, ""2"": 1}, ""heuristic"": ""LJF"", ""strategy"": ""Fixed"", ""history_phase"": ""multiple-child""}",train_root,,0.0,0,0.0,0.0
7,350,18,18,adversary,0,0.0,[],[],[],0.0,[],0,0.0,0.0,"AdversaryAction(requests=[], stop_decode_ids=[])","{""type"": ""adversary"", ""requests"": [], ""stop_decode_ids"": [], ""history_phase"": ""forced_step:single-child""}",train_root,,0.0,0,0.0,0.0
7,350,19,19,controller,0,0.0,[],[],[],0.0,[],6,0.0,0.0,"ControllerAction(token_budget=1028, selected_request_ids=[0, 1, 2, 3, 4], token_allocations={0: 1, 1: 1, 2: 1, 3: 1, 4: 1024}, prefill_allocations={4: 1024}, decode_allocations={0: 1, 1: 1, 2: 1, 3: 1}, heuristic='LST', strategy='Fixed', mapping=None)","{""type"": ""controller"", ""token_budget"": 1028, ""selected_request_ids"": [0, 1, 2, 3, 4], ""token_allocations"": {""0"": 1, ""1"": 1, ""2"": 1, ""3"": 1, ""4"": 1024}, ""prefill_allocations"": {""4"": 1024}, ""decode_allocations"": {""0"": 1, ""1"": 1, ""2"": 1, ""3"": 1}, ""heuristic"": ""LST"", ""strategy"": ""Fixed"", ""history_phase"": ""multiple-child""}",train_root,,0.0,0,0.0,0.0
7,350,20,20,adversary,0,0.0,[],[],[],0.0,[],0,0.0,0.0,"AdversaryAction(requests=[], stop_decode_ids=[])","{""type"": ""adversary"", ""requests"": [], ""stop_decode_ids"": [], ""history_phase"": ""forced_step:single-child""}",train_root,,0.0,0,0.0,0.0
7,350,21,21,controller,0,0.0,[],[],[],0.0,[],16,0.0,0.0,"ControllerAction(token_budget=2564, selected_request_ids=[0, 1, 2, 3, 4, 5], token_allocations={0: 1, 1: 1, 2: 1, 3: 1, 4: 2048, 5: 512}, prefill_allocations={4: 2048, 5: 512}, decode_allocations={0: 1, 1: 1, 2: 1, 3: 1}, heuristic='SJF', strategy='Fixed', mapping=None)","{""type"": ""controller"", ""token_budget"": 2564, ""selected_request_ids"": [0, 1, 2, 3, 4, 5], ""token_allocations"": {""0"": 1, ""1"": 1, ""2"": 1, ""3"": 1, ""4"": 2048, ""5"": 512}, ""prefill_allocations"": {""4"": 2048, ""5"": 512}, ""decode_allocations"": {""0"": 1, ""1"": 1, ""2"": 1, ""3"": 1}, ""heuristic"": ""SJF"", ""strategy"": ""Fixed"", ""history_phase"": ""multiple-child""}",train_root,,0.0,0,0.0,0.0
7,350,22,22,adversary,0,0.0,[],[],[],0.0,[],0,0.0,0.0,"AdversaryAction(requests=[], stop_decode_ids=[])","{""type"": ""adversary"", ""requests"": [], ""stop_decode_ids"": [], ""history_phase"": ""forced_step:single-child""}",train_root,,0.0,0,0.0,0.0
7,350,23,23,controller,0,0.0,[],[],[],0.0,[],1,0.0,0.0,"ControllerAction(token_budget=517, selected_request_ids=[0, 1, 2, 3, 4, 5], token_allocations={0: 1, 1: 1, 2: 1, 3: 1, 4: 1, 5: 512}, prefill_allocations={5: 512}, decode_allocations={0: 1, 1: 1, 2: 1, 3: 1, 4: 1}, heuristic='EDF', strategy='Fixed', mapping=None)","{""type"": ""controller"", ""token_budget"": 517, ""selected_request_ids"": [0, 1, 2, 3, 4, 5], ""token_allocations"": {""0"": 1, ""1"": 1, ""2"": 1, ""3"": 1, ""4"": 1, ""5"": 512}, ""prefill_allocations"": {""5"": 512}, ""decode_allocations"": {""0"": 1, ""1"": 1, ""2"": 1, ""3"": 1, ""4"": 1}, ""heuristic"": ""EDF"", ""strategy"": ""Fixed"", ""history_phase"": ""multiple-child""}",train_root,,0.0,0,0.0,0.0
7,350,24,24,adversary,0,0.0,[],[],[],0.0,[],0,0.0,0.0,"AdversaryAction(requests=[], stop_decode_ids=[])","{""type"": ""adversary"", ""requests"": [], ""stop_decode_ids"": [], ""history_phase"": ""forced_step:single-child""}",train_root,,0.0,0,0.0,0.0
7,350,25,25,controller,0,0.0,[],[],[],0.0,[],0,0.0,0.0,"ControllerAction(token_budget=517, selected_request_ids=[0, 1, 2, 3, 4, 5], token_allocations={0: 1, 1: 1, 2: 1, 3: 1, 4: 1, 5: 512}, prefill_allocations={5: 512}, decode_allocations={0: 1, 1: 1, 2: 1, 3: 1, 4: 1}, heuristic='SJF', strategy='Fixed', mapping=None)","{""type"": ""controller"", ""token_budget"": 517, ""selected_request_ids"": [0, 1, 2, 3, 4, 5], ""token_allocations"": {""0"": 1, ""1"": 1, ""2"": 1, ""3"": 1, ""4"": 1, ""5"": 512}, ""prefill_allocations"": {""5"": 512}, ""decode_allocations"": {""0"": 1, ""1"": 1, ""2"": 1, ""3"": 1, ""4"": 1}, ""heuristic"": ""SJF"", ""strategy"": ""Fixed"", ""history_phase"": ""multiple-child""}",train_root,,0.0,0,0.0,0.0
7,350,26,26,adversary,0,0.0,[],[],[],0.0,[],0,0.0,0.0,"AdversaryAction(requests=[], stop_decode_ids=[])","{""type"": ""adversary"", ""requests"": [], ""stop_decode_ids"": [], ""history_phase"": ""forced_step:single-child""}",train_root,,0.0,0,0.0,0.0
7,350,27,27,controller,0,0.0,[],[],[],0.0,[],11,0.0,0.0,"ControllerAction(token_budget=1541, selected_request_ids=[0, 1, 2, 3, 4, 5], token_allocations={0: 1, 1: 1, 2: 1, 3: 1, 4: 1, 5: 1536}, prefill_allocations={5: 1536}, decode_allocations={0: 1, 1: 1, 2: 1, 3: 1, 4: 1}, heuristic='LJF', strategy='Fixed', mapping=None)","{""type"": ""controller"", ""token_budget"": 1541, ""selected_request_ids"": [0, 1, 2, 3, 4, 5], ""token_allocations"": {""0"": 1, ""1"": 1, ""2"": 1, ""3"": 1, ""4"": 1, ""5"": 1536}, ""prefill_allocations"": {""5"": 1536}, ""decode_allocations"": {""0"": 1, ""1"": 1, ""2"": 1, ""3"": 1, ""4"": 1}, ""heuristic"": ""LJF"", ""strategy"": ""Fixed"", ""history_phase"": ""multiple-child""}",train_root,,0.0,0,0.0,0.0
7,350,28,28,adversary,0,0.0,[],[],[],0.0,[],0,0.0,0.0,"AdversaryAction(requests=[], stop_decode_ids=[])","{""type"": ""adversary"", ""requests"": [], ""stop_decode_ids"": [], ""history_phase"": ""forced_step:single-child""}",train_root,,0.0,0,0.0,0.0
7,350,29,29,controller,0,0.0,[],[],[],0.0,[],0,0.0,0.0,"ControllerAction(token_budget=6, selected_request_ids=[0, 1, 2, 3, 4, 5], token_allocations={0: 1, 1: 1, 2: 1, 3: 1, 4: 1, 5: 1}, prefill_allocations={}, decode_allocations={0: 1, 1: 1, 2: 1, 3: 1, 4: 1, 5: 1}, heuristic='SJF', strategy='Fixed', mapping=None)","{""type"": ""controller"", ""token_budget"": 6, ""selected_request_ids"": [0, 1, 2, 3, 4, 5], ""token_allocations"": {""0"": 1, ""1"": 1, ""2"": 1, ""3"": 1, ""4"": 1, ""5"": 1}, ""prefill_allocations"": {}, ""decode_allocations"": {""0"": 1, ""1"": 1, ""2"": 1, ""3"": 1, ""4"": 1, ""5"": 1}, ""heuristic"": ""SJF"", ""strategy"": ""Fixed"", ""history_phase"": ""forced_step:single-child""}",train_root,,0.0,0,0.0,0.0
7,350,30,30,adversary,0,0.0,[],[],[],0.0,[],0,0.0,0.0,"AdversaryAction(requests=[AdversaryRequestSpec(prefill_tokens=3072, decode_tokens=5000, prefill_slo=0.3874467952163693, decode_slo=0.05)], stop_decode_ids=[])","{""type"": ""adversary"", ""requests"": [{""prefill_tokens"": 3072, ""decode_tokens"": 5000, ""prefill_slo"": 0.3874467952163693, ""decode_slo"": 0.05}], ""stop_decode_ids"": [], ""history_phase"": ""multiple-child""}",train_root,,0.0,0,0.0,0.0
7,350,31,31,controller,0,0.0,[],[],[],0.0,[],11,0.0,0.0,"ControllerAction(token_budget=1542, selected_request_ids=[0, 1, 2, 3, 4, 5, 6], token_allocations={0: 1, 1: 1, 2: 1, 3: 1, 4: 1, 5: 1, 6: 1536}, prefill_allocations={6: 1536}, decode_allocations={0: 1, 1: 1, 2: 1, 3: 1, 4: 1, 5: 1}, heuristic='LJF', strategy='Fixed', mapping=None)","{""type"": ""controller"", ""token_budget"": 1542, ""selected_request_ids"": [0, 1, 2, 3, 4, 5, 6], ""token_allocations"": {""0"": 1, ""1"": 1, ""2"": 1, ""3"": 1, ""4"": 1, ""5"": 1, ""6"": 1536}, ""prefill_allocations"": {""6"": 1536}, ""decode_allocations"": {""0"": 1, ""1"": 1, ""2"": 1, ""3"": 1, ""4"": 1, ""5"": 1}, ""heuristic"": ""LJF"", ""strategy"": ""Fixed"", ""history_phase"": ""multiple-child""}",train_root,,0.0,0,0.0,0.0
7,350,32,32,adversary,0,0.0,[],[],[],0.0,[],0,0.0,0.0,"AdversaryAction(requests=[], stop_decode_ids=[])","{""type"": ""adversary"", ""requests"": [], ""stop_decode_ids"": [], ""history_phase"": ""forced_step:single-child""}",train_root,,0.0,0,0.0,0.0
7,350,33,33,controller,0,0.0,[],[],[],0.0,[],2,0.0,0.0,"ControllerAction(token_budget=518, selected_request_ids=[0, 1, 2, 3, 4, 5, 6], token_allocations={0: 1, 1: 1, 2: 1, 3: 1, 4: 1, 5: 1, 6: 512}, prefill_allocations={6: 512}, decode_allocations={0: 1, 1: 1, 2: 1, 3: 1, 4: 1, 5: 1}, heuristic='LST', strategy='Fixed', mapping=None)","{""type"": ""controller"", ""token_budget"": 518, ""selected_request_ids"": [0, 1, 2, 3, 4, 5, 6], ""token_allocations"": {""0"": 1, ""1"": 1, ""2"": 1, ""3"": 1, ""4"": 1, ""5"": 1, ""6"": 512}, ""prefill_allocations"": {""6"": 512}, ""decode_allocations"": {""0"": 1, ""1"": 1, ""2"": 1, ""3"": 1, ""4"": 1, ""5"": 1}, ""heuristic"": ""LST"", ""strategy"": ""Fixed"", ""history_phase"": ""multiple-child""}",train_root,,0.0,0,0.0,0.0
7,350,34,34,adversary,0,0.0,[],[],[],0.0,[],0,0.0,0.0,"AdversaryAction(requests=[], stop_decode_ids=[])","{""type"": ""adversary"", ""requests"": [], ""stop_decode_ids"": [], ""history_phase"": ""forced_step:single-child""}",train_root,,0.0,0,0.0,0.0
7,350,35,35,controller,0,0.0,[],[],[],0.0,[],1,0.0,0.0,"ControllerAction(token_budget=518, selected_request_ids=[0, 1, 2, 3, 4, 5, 6], token_allocations={0: 1, 1: 1, 2: 1, 3: 1, 4: 1, 5: 1, 6: 512}, prefill_allocations={6: 512}, decode_allocations={0: 1, 1: 1, 2: 1, 3: 1, 4: 1, 5: 1}, heuristic='EDF', strategy='Fixed', mapping=None)","{""type"": ""controller"", ""token_budget"": 518, ""selected_request_ids"": [0, 1, 2, 3, 4, 5, 6], ""token_allocations"": {""0"": 1, ""1"": 1, ""2"": 1, ""3"": 1, ""4"": 1, ""5"": 1, ""6"": 512}, ""prefill_allocations"": {""6"": 512}, ""decode_allocations"": {""0"": 1, ""1"": 1, ""2"": 1, ""3"": 1, ""4"": 1, ""5"": 1}, ""heuristic"": ""EDF"", ""strategy"": ""Fixed"", ""history_phase"": ""multiple-child""}",train_root,,0.0,0,0.0,0.0
7,350,36,36,adversary,0,0.0,[],[],[],0.0,[],0,0.0,0.0,"AdversaryAction(requests=[], stop_decode_ids=[])","{""type"": ""adversary"", ""requests"": [], ""stop_decode_ids"": [], ""history_phase"": ""forced_step:single-child""}",train_root,,0.0,0,0.0,0.0
7,350,37,37,controller,0,0.0,[],[],[],0.0,[],1,0.0,0.0,"ControllerAction(token_budget=518, selected_request_ids=[0, 1, 2, 3, 4, 5, 6], token_allocations={0: 1, 1: 1, 2: 1, 3: 1, 4: 1, 5: 1, 6: 512}, prefill_allocations={6: 512}, decode_allocations={0: 1, 1: 1, 2: 1, 3: 1, 4: 1, 5: 1}, heuristic='EDF', strategy='Fixed', mapping=None)","{""type"": ""controller"", ""token_budget"": 518, ""selected_request_ids"": [0, 1, 2, 3, 4, 5, 6], ""token_allocations"": {""0"": 1, ""1"": 1, ""2"": 1, ""3"": 1, ""4"": 1, ""5"": 1, ""6"": 512}, ""prefill_allocations"": {""6"": 512}, ""decode_allocations"": {""0"": 1, ""1"": 1, ""2"": 1, ""3"": 1, ""4"": 1, ""5"": 1}, ""heuristic"": ""EDF"", ""strategy"": ""Fixed"", ""history_phase"": ""multiple-child""}",train_root,,0.0,0,0.0,0.0
7,350,38,38,adversary,0,0.0,[],[],[],0.0,[],0,0.0,0.0,"AdversaryAction(requests=[], stop_decode_ids=[])","{""type"": ""adversary"", ""requests"": [], ""stop_decode_ids"": [], ""history_phase"": ""forced_step:single-child""}",train_root,,0.0,0,0.0,0.0
7,350,39,39,controller,0,0.0,[],[],[],0.0,[],0,0.0,0.0,"ControllerAction(token_budget=7, selected_request_ids=[0, 1, 2, 3, 4, 5, 6], token_allocations={0: 1, 1: 1, 2: 1, 3: 1, 4: 1, 5: 1, 6: 1}, prefill_allocations={}, decode_allocations={0: 1, 1: 1, 2: 1, 3: 1, 4: 1, 5: 1, 6: 1}, heuristic='SJF', strategy='Fixed', mapping=None)","{""type"": ""controller"", ""token_budget"": 7, ""selected_request_ids"": [0, 1, 2, 3, 4, 5, 6], ""token_allocations"": {""0"": 1, ""1"": 1, ""2"": 1, ""3"": 1, ""4"": 1, ""5"": 1, ""6"": 1}, ""prefill_allocations"": {}, ""decode_allocations"": {""0"": 1, ""1"": 1, ""2"": 1, ""3"": 1, ""4"": 1, ""5"": 1, ""6"": 1}, ""heuristic"": ""SJF"", ""strategy"": ""Fixed"", ""history_phase"": ""forced_step:single-child""}",train_root,,0.0,0,0.0,0.0
7,350,40,40,adversary,0,0.0,[],[],[],0.0,[],4,0.0,0.0,"AdversaryAction(requests=[AdversaryRequestSpec(prefill_tokens=3072, decode_tokens=5000, prefill_slo=0.3874467952163693, decode_slo=0.05), AdversaryRequestSpec(prefill_tokens=3072, decode_tokens=5000, prefill_slo=0.3874467952163693, decode_slo=0.05), AdversaryRequestSpec(prefill_tokens=3072, decode_tokens=5000, prefill_slo=0.3874467952163693, decode_slo=0.05), AdversaryRequestSpec(prefill_tokens=3072, decode_tokens=5000, prefill_slo=0.3874467952163693, decode_slo=0.05), AdversaryRequestSpec(prefill_tokens=3072, decode_tokens=5000, prefill_slo=0.3874467952163693, decode_slo=0.05)], stop_decode_ids=[])","{""type"": ""adversary"", ""requests"": [{""prefill_tokens"": 3072, ""decode_tokens"": 5000, ""prefill_slo"": 0.3874467952163693, ""decode_slo"": 0.05}, {""prefill_tokens"": 3072, ""decode_tokens"": 5000, ""prefill_slo"": 0.3874467952163693, ""decode_slo"": 0.05}, {""prefill_tokens"": 3072, ""decode_tokens"": 5000, ""prefill_slo"": 0.3874467952163693, ""decode_slo"": 0.05}, {""prefill_tokens"": 3072, ""decode_tokens"": 5000, ""prefill_slo"": 0.3874467952163693, ""decode_slo"": 0.05}, {""prefill_tokens"": 3072, ""decode_tokens"": 5000, ""prefill_slo"": 0.3874467952163693, ""decode_slo"": 0.05}], ""stop_decode_ids"": [], ""history_phase"": ""multiple-child""}",train_root,,0.0,0,0.0,0.0
7,350,41,41,controller,0,0.0,[],[],[],0.0,[],22,0.0,0.0,"ControllerAction(token_budget=3079, selected_request_ids=[0, 1, 2, 3, 4, 5, 6, 7], token_allocations={0: 1, 1: 1, 2: 1, 3: 1, 4: 1, 5: 1, 6: 1, 7: 3072}, prefill_allocations={7: 3072}, decode_allocations={0: 1, 1: 1, 2: 1, 3: 1, 4: 1, 5: 1, 6: 1}, heuristic='LST', strategy='Fixed', mapping=None)","{""type"": ""controller"", ""token_budget"": 3079, ""selected_request_ids"": [0, 1, 2, 3, 4, 5, 6, 7], ""token_allocations"": {""0"": 1, ""1"": 1, ""2"": 1, ""3"": 1, ""4"": 1, ""5"": 1, ""6"": 1, ""7"": 3072}, ""prefill_allocations"": {""7"": 3072}, ""decode_allocations"": {""0"": 1, ""1"": 1, ""2"": 1, ""3"": 1, ""4"": 1, ""5"": 1, ""6"": 1}, ""heuristic"": ""LST"", ""strategy"": ""Fixed"", ""history_phase"": ""multiple-child""}",train_root,,0.0,0,0.0,0.0
7,350,42,42,adversary,0,0.0,[],[],[],0.0,[],0,0.0,0.0,"AdversaryAction(requests=[], stop_decode_ids=[])","{""type"": ""adversary"", ""requests"": [], ""stop_decode_ids"": [], ""history_phase"": ""forced_step:single-child""}",train_root,,0.0,0,0.0,0.0
7,350,43,43,controller,0,0.0,[],[],[],0.0,[],0,0.0,0.0,"ControllerAction(token_budget=520, selected_request_ids=[0, 1, 2, 3, 4, 5, 6, 7, 8], token_allocations={0: 1, 1: 1, 2: 1, 3: 1, 4: 1, 5: 1, 6: 1, 7: 1, 8: 512}, prefill_allocations={8: 512}, decode_allocations={0: 1, 1: 1, 2: 1, 3: 1, 4: 1, 5: 1, 6: 1, 7: 1}, heuristic='SJF', strategy='Fixed', mapping=None)","{""type"": ""controller"", ""token_budget"": 520, ""selected_request_ids"": [0, 1, 2, 3, 4, 5, 6, 7, 8], ""token_allocations"": {""0"": 1, ""1"": 1, ""2"": 1, ""3"": 1, ""4"": 1, ""5"": 1, ""6"": 1, ""7"": 1, ""8"": 512}, ""prefill_allocations"": {""8"": 512}, ""decode_allocations"": {""0"": 1, ""1"": 1, ""2"": 1, ""3"": 1, ""4"": 1, ""5"": 1, ""6"": 1, ""7"": 1}, ""heuristic"": ""SJF"", ""strategy"": ""Fixed"", ""history_phase"": ""multiple-child""}",train_root,,0.0,0,0.0,0.0
7,350,44,44,adversary,0,0.0,[],[],[],0.0,[],0,0.0,0.0,"AdversaryAction(requests=[], stop_decode_ids=[])","{""type"": ""adversary"", ""requests"": [], ""stop_decode_ids"": [], ""history_phase"": ""forced_step:single-child""}",train_root,,0.0,0,0.0,0.0
7,350,45,45,controller,0,0.0,[],[],[],0.0,[],22,0.0,0.0,"ControllerAction(token_budget=3080, selected_request_ids=[0, 1, 2, 3, 4, 5, 6, 7, 9], token_allocations={0: 1, 1: 1, 2: 1, 3: 1, 4: 1, 5: 1, 6: 1, 7: 1, 9: 3072}, prefill_allocations={9: 3072}, decode_allocations={0: 1, 1: 1, 2: 1, 3: 1, 4: 1, 5: 1, 6: 1, 7: 1}, heuristic='LST', strategy='Fixed', mapping=None)","{""type"": ""controller"", ""token_budget"": 3080, ""selected_request_ids"": [0, 1, 2, 3, 4, 5, 6, 7, 9], ""token_allocations"": {""0"": 1, ""1"": 1, ""2"": 1, ""3"": 1, ""4"": 1, ""5"": 1, ""6"": 1, ""7"": 1, ""9"": 3072}, ""prefill_allocations"": {""9"": 3072}, ""decode_allocations"": {""0"": 1, ""1"": 1, ""2"": 1, ""3"": 1, ""4"": 1, ""5"": 1, ""6"": 1, ""7"": 1}, ""heuristic"": ""LST"", ""strategy"": ""Fixed"", ""history_phase"": ""multiple-child""}",train_root,,0.0,0,0.0,0.0
7,350,46,46,adversary,0,0.0,[],[],[],0.0,[],0,0.0,0.0,"AdversaryAction(requests=[], stop_decode_ids=[])","{""type"": ""adversary"", ""requests"": [], ""stop_decode_ids"": [], ""history_phase"": ""forced_step:single-child""}",train_root,,0.0,0,0.0,0.0
7,350,47,47,controller,0,0.0,[],[],[],0.0,[],14,0.0,0.0,"ControllerAction(token_budget=2057, selected_request_ids=[0, 1, 2, 3, 4, 5, 6, 7, 9, 10], token_allocations={0: 1, 1: 1, 2: 1, 3: 1, 4: 1, 5: 1, 6: 1, 7: 1, 9: 1, 10: 2048}, prefill_allocations={10: 2048}, decode_allocations={0: 1, 1: 1, 2: 1, 3: 1, 4: 1, 5: 1, 6: 1, 7: 1, 9: 1}, heuristic='LST', strategy='Fixed', mapping=None)","{""type"": ""controller"", ""token_budget"": 2057, ""selected_request_ids"": [0, 1, 2, 3, 4, 5, 6, 7, 9, 10], ""token_allocations"": {""0"": 1, ""1"": 1, ""2"": 1, ""3"": 1, ""4"": 1, ""5"": 1, ""6"": 1, ""7"": 1, ""9"": 1, ""10"": 2048}, ""prefill_allocations"": {""10"": 2048}, ""decode_allocations"": {""0"": 1, ""1"": 1, ""2"": 1, ""3"": 1, ""4"": 1, ""5"": 1, ""6"": 1, ""7"": 1, ""9"": 1}, ""heuristic"": ""LST"", ""strategy"": ""Fixed"", ""history_phase"": ""multiple-child""}",train_root,,0.0,0,0.0,0.0
7,350,48,48,adversary,0,0.0,[],[],[],0.0,[],0,0.0,0.0,"AdversaryAction(requests=[], stop_decode_ids=[])","{""type"": ""adversary"", ""requests"": [], ""stop_decode_ids"": [], ""history_phase"": ""forced_step:single-child""}",train_root,,0.0,0,0.0,0.0
7,350,49,49,controller,0,0.0,[],[],[],0.0,[],17,0.0,0.0,"ControllerAction(token_budget=2569, selected_request_ids=[0, 1, 2, 3, 4, 5, 6, 7, 8, 9], token_allocations={0: 1, 1: 1, 2: 1, 3: 1, 4: 1, 5: 1, 6: 1, 7: 1, 8: 2560, 9: 1}, prefill_allocations={8: 2560}, decode_allocations={0: 1, 1: 1, 2: 1, 3: 1, 4: 1, 5: 1, 6: 1, 7: 1, 9: 1}, heuristic='EDF', strategy='Fixed', mapping=None)","{""type"": ""controller"", ""token_budget"": 2569, ""selected_request_ids"": [0, 1, 2, 3, 4, 5, 6, 7, 8, 9], ""token_allocations"": {""0"": 1, ""1"": 1, ""2"": 1, ""3"": 1, ""4"": 1, ""5"": 1, ""6"": 1, ""7"": 1, ""8"": 2560, ""9"": 1}, ""prefill_allocations"": {""8"": 2560}, ""decode_allocations"": {""0"": 1, ""1"": 1, ""2"": 1, ""3"": 1, ""4"": 1, ""5"": 1, ""6"": 1, ""7"": 1, ""9"": 1}, ""heuristic"": ""EDF"", ""strategy"": ""Fixed"", ""history_phase"": ""multiple-child""}",train_root,,0.0,0,0.0,0.0
7,350,50,50,adversary,0,0.0,[],[],[],0.0,[],0,0.0,0.0,"AdversaryAction(requests=[], stop_decode_ids=[])","{""type"": ""adversary"", ""requests"": [], ""stop_decode_ids"": [], ""history_phase"": ""forced_step:single-child""}",train_root,,0.0,0,0.0,0.0
7,350,51,51,controller,0,0.0,[],[],[],0.0,[],18,0.0,0.0,"ControllerAction(token_budget=2570, selected_request_ids=[0, 1, 2, 3, 4, 5, 6, 7, 8, 9, 11], token_allocations={0: 1, 1: 1, 2: 1, 3: 1, 4: 1, 5: 1, 6: 1, 7: 1, 8: 1, 9: 1, 11: 2560}, prefill_allocations={11: 2560}, decode_allocations={0: 1, 1: 1, 2: 1, 3: 1, 4: 1, 5: 1, 6: 1, 7: 1, 8: 1, 9: 1}, heuristic='LST', strategy='Fixed', mapping=None)","{""type"": ""controller"", ""token_budget"": 2570, ""selected_request_ids"": [0, 1, 2, 3, 4, 5, 6, 7, 8, 9, 11], ""token_allocations"": {""0"": 1, ""1"": 1, ""2"": 1, ""3"": 1, ""4"": 1, ""5"": 1, ""6"": 1, ""7"": 1, ""8"": 1, ""9"": 1, ""11"": 2560}, ""prefill_allocations"": {""11"": 2560}, ""decode_allocations"": {""0"": 1, ""1"": 1, ""2"": 1, ""3"": 1, ""4"": 1, ""5"": 1, ""6"": 1, ""7"": 1, ""8"": 1, ""9"": 1}, ""heuristic"": ""LST"", ""strategy"": ""Fixed"", ""history_phase"": ""multiple-child""}",train_root,,0.0,0,0.0,0.0
7,350,52,52,adversary,0,0.0,[],[],[],0.0,[],0,0.0,0.0,"AdversaryAction(requests=[], stop_decode_ids=[])","{""type"": ""adversary"", ""requests"": [], ""stop_decode_ids"": [], ""history_phase"": ""forced_step:single-child""}",train_root,,0.0,0,0.0,0.0
7,350,53,53,controller,0,0.0,[],[],[],0.0,[],3,0.0,0.0,"ControllerAction(token_budget=522, selected_request_ids=[0, 1, 2, 3, 4, 5, 6, 7, 8, 9, 10], token_allocations={0: 1, 1: 1, 2: 1, 3: 1, 4: 1, 5: 1, 6: 1, 7: 1, 8: 1, 9: 1, 10: 512}, prefill_allocations={10: 512}, decode_allocations={0: 1, 1: 1, 2: 1, 3: 1, 4: 1, 5: 1, 6: 1, 7: 1, 8: 1, 9: 1}, heuristic='LJF', strategy='Fixed', mapping=None)","{""type"": ""controller"", ""token_budget"": 522, ""selected_request_ids"": [0, 1, 2, 3, 4, 5, 6, 7, 8, 9, 10], ""token_allocations"": {""0"": 1, ""1"": 1, ""2"": 1, ""3"": 1, ""4"": 1, ""5"": 1, ""6"": 1, ""7"": 1, ""8"": 1, ""9"": 1, ""10"": 512}, ""prefill_allocations"": {""10"": 512}, ""decode_allocations"": {""0"": 1, ""1"": 1, ""2"": 1, ""3"": 1, ""4"": 1, ""5"": 1, ""6"": 1, ""7"": 1, ""8"": 1, ""9"": 1}, ""heuristic"": ""LJF"", ""strategy"": ""Fixed"", ""history_phase"": ""multiple-child""}",train_root,,0.0,0,0.0,0.0
7,350,54,54,adversary,0,0.0,[],[],[],0.0,[],0,0.0,0.0,"AdversaryAction(requests=[], stop_decode_ids=[])","{""type"": ""adversary"", ""requests"": [], ""stop_decode_ids"": [], ""history_phase"": ""forced_step:single-child""}",train_root,,0.0,0,0.0,0.0
7,350,55,55,controller,0,0.0,[],[],[],0.0,[],7,0.0,0.0,"ControllerAction(token_budget=1034, selected_request_ids=[0, 1, 2, 3, 4, 5, 6, 7, 8, 9, 10, 11], token_allocations={0: 1, 1: 1, 2: 1, 3: 1, 4: 1, 5: 1, 6: 1, 7: 1, 8: 1, 9: 1, 10: 512, 11: 512}, prefill_allocations={10: 512, 11: 512}, decode_allocations={0: 1, 1: 1, 2: 1, 3: 1, 4: 1, 5: 1, 6: 1, 7: 1, 8: 1, 9: 1}, heuristic='LJF', strategy='Fixed', mapping=None)","{""type"": ""controller"", ""token_budget"": 1034, ""selected_request_ids"": [0, 1, 2, 3, 4, 5, 6, 7, 8, 9, 10, 11], ""token_allocations"": {""0"": 1, ""1"": 1, ""2"": 1, ""3"": 1, ""4"": 1, ""5"": 1, ""6"": 1, ""7"": 1, ""8"": 1, ""9"": 1, ""10"": 512, ""11"": 512}, ""prefill_allocations"": {""10"": 512, ""11"": 512}, ""decode_allocations"": {""0"": 1, ""1"": 1, ""2"": 1, ""3"": 1, ""4"": 1, ""5"": 1, ""6"": 1, ""7"": 1, ""8"": 1, ""9"": 1}, ""heuristic"": ""LJF"", ""strategy"": ""Fixed"", ""history_phase"": ""multiple-child""}",train_root,,0.0,0,0.0,0.0
7,350,56,56,adversary,0,0.0,[],[],[],0.0,[],0,0.0,0.0,"AdversaryAction(requests=[], stop_decode_ids=[])","{""type"": ""adversary"", ""requests"": [], ""stop_decode_ids"": [], ""history_phase"": ""forced_step:single-child""}",train_root,,0.0,0,0.0,0.0
7,350,57,57,controller,0,0.0,[],[],[],0.0,[],0,0.0,0.0,"ControllerAction(token_budget=12, selected_request_ids=[0, 1, 2, 3, 4, 5, 6, 7, 8, 9, 10, 11], token_allocations={0: 1, 1: 1, 2: 1, 3: 1, 4: 1, 5: 1, 6: 1, 7: 1, 8: 1, 9: 1, 10: 1, 11: 1}, prefill_allocations={}, decode_allocations={0: 1, 1: 1, 2: 1, 3: 1, 4: 1, 5: 1, 6: 1, 7: 1, 8: 1, 9: 1, 10: 1, 11: 1}, heuristic='SJF', strategy='Fixed', mapping=None)","{""type"": ""controller"", ""token_budget"": 12, ""selected_request_ids"": [0, 1, 2, 3, 4, 5, 6, 7, 8, 9, 10, 11], ""token_allocations"": {""0"": 1, ""1"": 1, ""2"": 1, ""3"": 1, ""4"": 1, ""5"": 1, ""6"": 1, ""7"": 1, ""8"": 1, ""9"": 1, ""10"": 1, ""11"": 1}, ""prefill_allocations"": {}, ""decode_allocations"": {""0"": 1, ""1"": 1, ""2"": 1, ""3"": 1, ""4"": 1, ""5"": 1, ""6"": 1, ""7"": 1, ""8"": 1, ""9"": 1, ""10"": 1, ""11"": 1}, ""heuristic"": ""SJF"", ""strategy"": ""Fixed"", ""history_phase"": ""forced_step:single-child""}",train_root,,0.0,0,0.0,0.0
7,350,58,58,adversary,0,0.0,[],[],[],0.0,[],5,0.0,0.0,"AdversaryAction(requests=[AdversaryRequestSpec(prefill_tokens=3072, decode_tokens=5000, prefill_slo=0.3874467952163693, decode_slo=0.05), AdversaryRequestSpec(prefill_tokens=3072, decode_tokens=5000, prefill_slo=0.3874467952163693, decode_slo=0.05), AdversaryRequestSpec(prefill_tokens=3072, decode_tokens=5000, prefill_slo=0.3874467952163693, decode_slo=0.05), AdversaryRequestSpec(prefill_tokens=3072, decode_tokens=5000, prefill_slo=0.3874467952163693, decode_slo=0.05), AdversaryRequestSpec(prefill_tokens=3072, decode_tokens=5000, prefill_slo=0.3874467952163693, decode_slo=0.05), AdversaryRequestSpec(prefill_tokens=3072, decode_tokens=5000, prefill_slo=0.3874467952163693, decode_slo=0.05)], stop_decode_ids=[])","{""type"": ""adversary"", ""requests"": [{""prefill_tokens"": 3072, ""decode_tokens"": 5000, ""prefill_slo"": 0.3874467952163693, ""decode_slo"": 0.05}, {""prefill_tokens"": 3072, ""decode_tokens"": 5000, ""prefill_slo"": 0.3874467952163693, ""decode_slo"": 0.05}, {""prefill_tokens"": 3072, ""decode_tokens"": 5000, ""prefill_slo"": 0.3874467952163693, ""decode_slo"": 0.05}, {""prefill_tokens"": 3072, ""decode_tokens"": 5000, ""prefill_slo"": 0.3874467952163693, ""decode_slo"": 0.05}, {""prefill_tokens"": 3072, ""decode_tokens"": 5000, ""prefill_slo"": 0.3874467952163693, ""decode_slo"": 0.05}, {""prefill_tokens"": 3072, ""decode_tokens"": 5000, ""prefill_slo"": 0.3874467952163693, ""decode_slo"": 0.05}], ""stop_decode_ids"": [], ""history_phase"": ""multiple-child""}",train_root,,0.0,0,0.0,0.0
7,350,59,59,controller,0,0.0,[],[],[],0.0,[],20,0.0,0.0,"ControllerAction(token_budget=3084, selected_request_ids=[0, 1, 2, 3, 4, 5, 6, 7, 8, 9, 10, 11, 12], token_allocations={0: 1, 1: 1, 2: 1, 3: 1, 4: 1, 5: 1, 6: 1, 7: 1, 8: 1, 9: 1, 10: 1, 11: 1, 12: 3072}, prefill_allocations={12: 3072}, decode_allocations={0: 1, 1: 1, 2: 1, 3: 1, 4: 1, 5: 1, 6: 1, 7: 1, 8: 1, 9: 1, 10: 1, 11: 1}, heuristic='SJF', strategy='Fixed', mapping=None)","{""type"": ""controller"", ""token_budget"": 3084, ""selected_request_ids"": [0, 1, 2, 3, 4, 5, 6, 7, 8, 9, 10, 11, 12], ""token_allocations"": {""0"": 1, ""1"": 1, ""2"": 1, ""3"": 1, ""4"": 1, ""5"": 1, ""6"": 1, ""7"": 1, ""8"": 1, ""9"": 1, ""10"": 1, ""11"": 1, ""12"": 3072}, ""prefill_allocations"": {""12"": 3072}, ""decode_allocations"": {""0"": 1, ""1"": 1, ""2"": 1, ""3"": 1, ""4"": 1, ""5"": 1, ""6"": 1, ""7"": 1, ""8"": 1, ""9"": 1, ""10"": 1, ""11"": 1}, ""heuristic"": ""SJF"", ""strategy"": ""Fixed"", ""history_phase"": ""multiple-child""}",train_root,,0.0,0,0.0,0.0
7,350,60,60,adversary,0,0.0,[],[],[],0.0,[],0,0.0,0.0,"AdversaryAction(requests=[], stop_decode_ids=[])","{""type"": ""adversary"", ""requests"": [], ""stop_decode_ids"": [], ""history_phase"": ""forced_step:single-child""}",train_root,,0.0,0,0.0,0.0
7,350,61,61,controller,0,0.0,[],[],[],0.0,[],9,0.0,0.0,"ControllerAction(token_budget=1549, selected_request_ids=[0, 1, 2, 3, 4, 5, 6, 7, 8, 9, 10, 11, 12, 13], token_allocations={0: 1, 1: 1, 2: 1, 3: 1, 4: 1, 5: 1, 6: 1, 7: 1, 8: 1, 9: 1, 10: 1, 11: 1, 12: 1, 13: 1536}, prefill_allocations={13: 1536}, decode_allocations={0: 1, 1: 1, 2: 1, 3: 1, 4: 1, 5: 1, 6: 1, 7: 1, 8: 1, 9: 1, 10: 1, 11: 1, 12: 1}, heuristic='EDF', strategy='Fixed', mapping=None)","{""type"": ""controller"", ""token_budget"": 1549, ""selected_request_ids"": [0, 1, 2, 3, 4, 5, 6, 7, 8, 9, 10, 11, 12, 13], ""token_allocations"": {""0"": 1, ""1"": 1, ""2"": 1, ""3"": 1, ""4"": 1, ""5"": 1, ""6"": 1, ""7"": 1, ""8"": 1, ""9"": 1, ""10"": 1, ""11"": 1, ""12"": 1, ""13"": 1536}, ""prefill_allocations"": {""13"": 1536}, ""decode_allocations"": {""0"": 1, ""1"": 1, ""2"": 1, ""3"": 1, ""4"": 1, ""5"": 1, ""6"": 1, ""7"": 1, ""8"": 1, ""9"": 1, ""10"": 1, ""11"": 1, ""12"": 1}, ""heuristic"": ""EDF"", ""strategy"": ""Fixed"", ""history_phase"": ""multiple-child""}",train_root,,0.0,0,0.0,0.0
7,350,62,62,adversary,0,0.0,[],[],[],0.0,[],0,0.0,0.0,"AdversaryAction(requests=[], stop_decode_ids=[])","{""type"": ""adversary"", ""requests"": [], ""stop_decode_ids"": [], ""history_phase"": ""forced_step:single-child""}",train_root,,0.0,0,0.0,0.0
7,350,63,63,controller,0,0.0,[],[],[],0.0,[],3,0.0,0.0,"ControllerAction(token_budget=525, selected_request_ids=[0, 1, 2, 3, 4, 5, 6, 7, 8, 9, 10, 11, 12, 14], token_allocations={0: 1, 1: 1, 2: 1, 3: 1, 4: 1, 5: 1, 6: 1, 7: 1, 8: 1, 9: 1, 10: 1, 11: 1, 12: 1, 14: 512}, prefill_allocations={14: 512}, decode_allocations={0: 1, 1: 1, 2: 1, 3: 1, 4: 1, 5: 1, 6: 1, 7: 1, 8: 1, 9: 1, 10: 1, 11: 1, 12: 1}, heuristic='LJF', strategy='Fixed', mapping=None)","{""type"": ""controller"", ""token_budget"": 525, ""selected_request_ids"": [0, 1, 2, 3, 4, 5, 6, 7, 8, 9, 10, 11, 12, 14], ""token_allocations"": {""0"": 1, ""1"": 1, ""2"": 1, ""3"": 1, ""4"": 1, ""5"": 1, ""6"": 1, ""7"": 1, ""8"": 1, ""9"": 1, ""10"": 1, ""11"": 1, ""12"": 1, ""14"": 512}, ""prefill_allocations"": {""14"": 512}, ""decode_allocations"": {""0"": 1, ""1"": 1, ""2"": 1, ""3"": 1, ""4"": 1, ""5"": 1, ""6"": 1, ""7"": 1, ""8"": 1, ""9"": 1, ""10"": 1, ""11"": 1, ""12"": 1}, ""heuristic"": ""LJF"", ""strategy"": ""Fixed"", ""history_phase"": ""multiple-child""}",train_root,,0.0,0,0.0,0.0
7,350,64,64,adversary,0,0.0,[],[],[],0.0,[],0,0.0,0.0,"AdversaryAction(requests=[], stop_decode_ids=[])","{""type"": ""adversary"", ""requests"": [], ""stop_decode_ids"": [], ""history_phase"": ""forced_step:single-child""}",train_root,,0.0,0,0.0,0.0
7,350,65,65,controller,0,0.0,[],[],[],0.0,[],18,0.0,0.0,"ControllerAction(token_budget=2573, selected_request_ids=[0, 1, 2, 3, 4, 5, 6, 7, 8, 9, 10, 11, 12, 15], token_allocations={0: 1, 1: 1, 2: 1, 3: 1, 4: 1, 5: 1, 6: 1, 7: 1, 8: 1, 9: 1, 10: 1, 11: 1, 12: 1, 15: 2560}, prefill_allocations={15: 2560}, decode_allocations={0: 1, 1: 1, 2: 1, 3: 1, 4: 1, 5: 1, 6: 1, 7: 1, 8: 1, 9: 1, 10: 1, 11: 1, 12: 1}, heuristic='LST', strategy='Fixed', mapping=None)","{""type"": ""controller"", ""token_budget"": 2573, ""selected_request_ids"": [0, 1, 2, 3, 4, 5, 6, 7, 8, 9, 10, 11, 12, 15], ""token_allocations"": {""0"": 1, ""1"": 1, ""2"": 1, ""3"": 1, ""4"": 1, ""5"": 1, ""6"": 1, ""7"": 1, ""8"": 1, ""9"": 1, ""10"": 1, ""11"": 1, ""12"": 1, ""15"": 2560}, ""prefill_allocations"": {""15"": 2560}, ""decode_allocations"": {""0"": 1, ""1"": 1, ""2"": 1, ""3"": 1, ""4"": 1, ""5"": 1, ""6"": 1, ""7"": 1, ""8"": 1, ""9"": 1, ""10"": 1, ""11"": 1, ""12"": 1}, ""heuristic"": ""LST"", ""strategy"": ""Fixed"", ""history_phase"": ""multiple-child""}",train_root,,0.0,0,0.0,0.0
7,350,66,66,adversary,0,0.0,[],[],[],0.0,[],0,0.0,0.0,"AdversaryAction(requests=[], stop_decode_ids=[])","{""type"": ""adversary"", ""requests"": [], ""stop_decode_ids"": [], ""history_phase"": ""forced_step:single-child""}",train_root,,0.0,0,0.0,0.0
7,350,67,67,controller,0,0.0,[],[],[],0.0,[],6,0.0,0.0,"ControllerAction(token_budget=1037, selected_request_ids=[0, 1, 2, 3, 4, 5, 6, 7, 8, 9, 10, 11, 12, 16], token_allocations={0: 1, 1: 1, 2: 1, 3: 1, 4: 1, 5: 1, 6: 1, 7: 1, 8: 1, 9: 1, 10: 1, 11: 1, 12: 1, 16: 1024}, prefill_allocations={16: 1024}, decode_allocations={0: 1, 1: 1, 2: 1, 3: 1, 4: 1, 5: 1, 6: 1, 7: 1, 8: 1, 9: 1, 10: 1, 11: 1, 12: 1}, heuristic='LST', strategy='Fixed', mapping=None)","{""type"": ""controller"", ""token_budget"": 1037, ""selected_request_ids"": [0, 1, 2, 3, 4, 5, 6, 7, 8, 9, 10, 11, 12, 16], ""token_allocations"": {""0"": 1, ""1"": 1, ""2"": 1, ""3"": 1, ""4"": 1, ""5"": 1, ""6"": 1, ""7"": 1, ""8"": 1, ""9"": 1, ""10"": 1, ""11"": 1, ""12"": 1, ""16"": 1024}, ""prefill_allocations"": {""16"": 1024}, ""decode_allocations"": {""0"": 1, ""1"": 1, ""2"": 1, ""3"": 1, ""4"": 1, ""5"": 1, ""6"": 1, ""7"": 1, ""8"": 1, ""9"": 1, ""10"": 1, ""11"": 1, ""12"": 1}, ""heuristic"": ""LST"", ""strategy"": ""Fixed"", ""history_phase"": ""multiple-child""}",train_root,,0.0,0,0.0,0.0
7,350,68,68,adversary,0,0.0,[],[],[],0.0,[],0,0.0,0.0,"AdversaryAction(requests=[], stop_decode_ids=[])","{""type"": ""adversary"", ""requests"": [], ""stop_decode_ids"": [], ""history_phase"": ""forced_step:single-child""}",train_root,,0.0,0,0.0,0.0
7,350,69,69,controller,0,0.0,[],[],[],0.0,[],8,0.0,0.0,"ControllerAction(token_budget=1549, selected_request_ids=[0, 1, 2, 3, 4, 5, 6, 7, 8, 9, 10, 11, 12, 13, 15], token_allocations={0: 1, 1: 1, 2: 1, 3: 1, 4: 1, 5: 1, 6: 1, 7: 1, 8: 1, 9: 1, 10: 1, 11: 1, 12: 1, 13: 1024, 15: 512}, prefill_allocations={13: 1024, 15: 512}, decode_allocations={0: 1, 1: 1, 2: 1, 3: 1, 4: 1, 5: 1, 6: 1, 7: 1, 8: 1, 9: 1, 10: 1, 11: 1, 12: 1}, heuristic='SJF', strategy='Fixed', mapping=None)","{""type"": ""controller"", ""token_budget"": 1549, ""selected_request_ids"": [0, 1, 2, 3, 4, 5, 6, 7, 8, 9, 10, 11, 12, 13, 15], ""token_allocations"": {""0"": 1, ""1"": 1, ""2"": 1, ""3"": 1, ""4"": 1, ""5"": 1, ""6"": 1, ""7"": 1, ""8"": 1, ""9"": 1, ""10"": 1, ""11"": 1, ""12"": 1, ""13"": 1024, ""15"": 512}, ""prefill_allocations"": {""13"": 1024, ""15"": 512}, ""decode_allocations"": {""0"": 1, ""1"": 1, ""2"": 1, ""3"": 1, ""4"": 1, ""5"": 1, ""6"": 1, ""7"": 1, ""8"": 1, ""9"": 1, ""10"": 1, ""11"": 1, ""12"": 1}, ""heuristic"": ""SJF"", ""strategy"": ""Fixed"", ""history_phase"": ""multiple-child""}",train_root,,0.0,0,0.0,0.0
7,350,70,70,adversary,0,0.0,[],[],[],0.0,[],0,0.0,0.0,"AdversaryAction(requests=[], stop_decode_ids=[])","{""type"": ""adversary"", ""requests"": [], ""stop_decode_ids"": [], ""history_phase"": ""forced_step:single-child""}",train_root,,0.0,0,0.0,0.0
7,350,71,71,controller,0,0.0,[],[],[],0.0,[],0,0.0,0.0,"ControllerAction(token_budget=526, selected_request_ids=[0, 1, 2, 3, 4, 5, 6, 7, 8, 9, 10, 11, 12, 13, 15], token_allocations={0: 1, 1: 1, 2: 1, 3: 1, 4: 1, 5: 1, 6: 1, 7: 1, 8: 1, 9: 1, 10: 1, 11: 1, 12: 1, 13: 512, 15: 1}, prefill_allocations={13: 512}, decode_allocations={0: 1, 1: 1, 2: 1, 3: 1, 4: 1, 5: 1, 6: 1, 7: 1, 8: 1, 9: 1, 10: 1, 11: 1, 12: 1, 15: 1}, heuristic='SJF', strategy='Fixed', mapping=None)","{""type"": ""controller"", ""token_budget"": 526, ""selected_request_ids"": [0, 1, 2, 3, 4, 5, 6, 7, 8, 9, 10, 11, 12, 13, 15], ""token_allocations"": {""0"": 1, ""1"": 1, ""2"": 1, ""3"": 1, ""4"": 1, ""5"": 1, ""6"": 1, ""7"": 1, ""8"": 1, ""9"": 1, ""10"": 1, ""11"": 1, ""12"": 1, ""13"": 512, ""15"": 1}, ""prefill_allocations"": {""13"": 512}, ""decode_allocations"": {""0"": 1, ""1"": 1, ""2"": 1, ""3"": 1, ""4"": 1, ""5"": 1, ""6"": 1, ""7"": 1, ""8"": 1, ""9"": 1, ""10"": 1, ""11"": 1, ""12"": 1, ""15"": 1}, ""heuristic"": ""SJF"", ""strategy"": ""Fixed"", ""history_phase"": ""multiple-child""}",train_root,,0.0,0,0.0,0.0
7,350,72,72,adversary,0,0.0,[],[],[],0.0,[],0,0.0,0.0,"AdversaryAction(requests=[], stop_decode_ids=[])","{""type"": ""adversary"", ""requests"": [], ""stop_decode_ids"": [], ""history_phase"": ""forced_step:single-child""}",train_root,,0.0,0,0.0,0.0
7,350,73,73,controller,0,0.0,[],[],[],0.0,[],22,0.0,0.0,"ControllerAction(token_budget=3087, selected_request_ids=[0, 1, 2, 3, 4, 5, 6, 7, 8, 9, 10, 11, 12, 13, 15, 17], token_allocations={0: 1, 1: 1, 2: 1, 3: 1, 4: 1, 5: 1, 6: 1, 7: 1, 8: 1, 9: 1, 10: 1, 11: 1, 12: 1, 13: 1, 15: 1, 17: 3072}, prefill_allocations={17: 3072}, decode_allocations={0: 1, 1: 1, 2: 1, 3: 1, 4: 1, 5: 1, 6: 1, 7: 1, 8: 1, 9: 1, 10: 1, 11: 1, 12: 1, 13: 1, 15: 1}, heuristic='LST', strategy='Fixed', mapping=None)","{""type"": ""controller"", ""token_budget"": 3087, ""selected_request_ids"": [0, 1, 2, 3, 4, 5, 6, 7, 8, 9, 10, 11, 12, 13, 15, 17], ""token_allocations"": {""0"": 1, ""1"": 1, ""2"": 1, ""3"": 1, ""4"": 1, ""5"": 1, ""6"": 1, ""7"": 1, ""8"": 1, ""9"": 1, ""10"": 1, ""11"": 1, ""12"": 1, ""13"": 1, ""15"": 1, ""17"": 3072}, ""prefill_allocations"": {""17"": 3072}, ""decode_allocations"": {""0"": 1, ""1"": 1, ""2"": 1, ""3"": 1, ""4"": 1, ""5"": 1, ""6"": 1, ""7"": 1, ""8"": 1, ""9"": 1, ""10"": 1, ""11"": 1, ""12"": 1, ""13"": 1, ""15"": 1}, ""heuristic"": ""LST"", ""strategy"": ""Fixed"", ""history_phase"": ""multiple-child""}",train_root,,0.0,0,0.0,0.0
7,350,74,74,adversary,0,0.0,[],[],[],0.0,[],0,0.0,0.0,"AdversaryAction(requests=[], stop_decode_ids=[])","{""type"": ""adversary"", ""requests"": [], ""stop_decode_ids"": [], ""history_phase"": ""forced_step:single-child""}",train_root,,0.0,0,0.0,0.0
7,350,75,75,controller,0,0.0,[],[],[],0.0,[],0,0.0,0.0,"ControllerAction(token_budget=528, selected_request_ids=[0, 1, 2, 3, 4, 5, 6, 7, 8, 9, 10, 11, 12, 13, 15, 16, 17], token_allocations={0: 1, 1: 1, 2: 1, 3: 1, 4: 1, 5: 1, 6: 1, 7: 1, 8: 1, 9: 1, 10: 1, 11: 1, 12: 1, 13: 1, 15: 1, 16: 512, 17: 1}, prefill_allocations={16: 512}, decode_allocations={0: 1, 1: 1, 2: 1, 3: 1, 4: 1, 5: 1, 6: 1, 7: 1, 8: 1, 9: 1, 10: 1, 11: 1, 12: 1, 13: 1, 15: 1, 17: 1}, heuristic='SJF', strategy='Fixed', mapping=None)","{""type"": ""controller"", ""token_budget"": 528, ""selected_request_ids"": [0, 1, 2, 3, 4, 5, 6, 7, 8, 9, 10, 11, 12, 13, 15, 16, 17], ""token_allocations"": {""0"": 1, ""1"": 1, ""2"": 1, ""3"": 1, ""4"": 1, ""5"": 1, ""6"": 1, ""7"": 1, ""8"": 1, ""9"": 1, ""10"": 1, ""11"": 1, ""12"": 1, ""13"": 1, ""15"": 1, ""16"": 512, ""17"": 1}, ""prefill_allocations"": {""16"": 512}, ""decode_allocations"": {""0"": 1, ""1"": 1, ""2"": 1, ""3"": 1, ""4"": 1, ""5"": 1, ""6"": 1, ""7"": 1, ""8"": 1, ""9"": 1, ""10"": 1, ""11"": 1, ""12"": 1, ""13"": 1, ""15"": 1, ""17"": 1}, ""heuristic"": ""SJF"", ""strategy"": ""Fixed"", ""history_phase"": ""multiple-child""}",train_root,,0.0,0,0.0,0.0
7,350,76,76,adversary,0,0.0,[],[],[],0.0,[],0,0.0,0.0,"AdversaryAction(requests=[], stop_decode_ids=[])","{""type"": ""adversary"", ""requests"": [], ""stop_decode_ids"": [], ""history_phase"": ""forced_step:single-child""}",train_root,,0.0,0,0.0,0.0
7,350,77,77,controller,0,0.0,[],[],[],0.0,[],18,0.0,0.0,"ControllerAction(token_budget=2576, selected_request_ids=[0, 1, 2, 3, 4, 5, 6, 7, 8, 9, 10, 11, 12, 13, 14, 15, 17], token_allocations={0: 1, 1: 1, 2: 1, 3: 1, 4: 1, 5: 1, 6: 1, 7: 1, 8: 1, 9: 1, 10: 1, 11: 1, 12: 1, 13: 1, 14: 2560, 15: 1, 17: 1}, prefill_allocations={14: 2560}, decode_allocations={0: 1, 1: 1, 2: 1, 3: 1, 4: 1, 5: 1, 6: 1, 7: 1, 8: 1, 9: 1, 10: 1, 11: 1, 12: 1, 13: 1, 15: 1, 17: 1}, heuristic='LST', strategy='Fixed', mapping=None)","{""type"": ""controller"", ""token_budget"": 2576, ""selected_request_ids"": [0, 1, 2, 3, 4, 5, 6, 7, 8, 9, 10, 11, 12, 13, 14, 15, 17], ""token_allocations"": {""0"": 1, ""1"": 1, ""2"": 1, ""3"": 1, ""4"": 1, ""5"": 1, ""6"": 1, ""7"": 1, ""8"": 1, ""9"": 1, ""10"": 1, ""11"": 1, ""12"": 1, ""13"": 1, ""14"": 2560, ""15"": 1, ""17"": 1}, ""prefill_allocations"": {""14"": 2560}, ""decode_allocations"": {""0"": 1, ""1"": 1, ""2"": 1, ""3"": 1, ""4"": 1, ""5"": 1, ""6"": 1, ""7"": 1, ""8"": 1, ""9"": 1, ""10"": 1, ""11"": 1, ""12"": 1, ""13"": 1, ""15"": 1, ""17"": 1}, ""heuristic"": ""LST"", ""strategy"": ""Fixed"", ""history_phase"": ""multiple-child""}",train_root,,0.0,0,0.0,0.0
7,350,78,78,adversary,0,0.0,[],[],[],0.0,[],0,0.0,0.0,"AdversaryAction(requests=[], stop_decode_ids=[])","{""type"": ""adversary"", ""requests"": [], ""stop_decode_ids"": [], ""history_phase"": ""forced_step:single-child""}",train_root,,0.0,0,0.0,0.0
7,350,79,79,controller,0,0.0,[],[],[],0.0,[],9,0.0,0.0,"ControllerAction(token_budget=1553, selected_request_ids=[0, 1, 2, 3, 4, 5, 6, 7, 8, 9, 10, 11, 12, 13, 14, 15, 16, 17], token_allocations={0: 1, 1: 1, 2: 1, 3: 1, 4: 1, 5: 1, 6: 1, 7: 1, 8: 1, 9: 1, 10: 1, 11: 1, 12: 1, 13: 1, 14: 1, 15: 1, 16: 1536, 17: 1}, prefill_allocations={16: 1536}, decode_allocations={0: 1, 1: 1, 2: 1, 3: 1, 4: 1, 5: 1, 6: 1, 7: 1, 8: 1, 9: 1, 10: 1, 11: 1, 12: 1, 13: 1, 14: 1, 15: 1, 17: 1}, heuristic='EDF', strategy='Fixed', mapping=None)","{""type"": ""controller"", ""token_budget"": 1553, ""selected_request_ids"": [0, 1, 2, 3, 4, 5, 6, 7, 8, 9, 10, 11, 12, 13, 14, 15, 16, 17], ""token_allocations"": {""0"": 1, ""1"": 1, ""2"": 1, ""3"": 1, ""4"": 1, ""5"": 1, ""6"": 1, ""7"": 1, ""8"": 1, ""9"": 1, ""10"": 1, ""11"": 1, ""12"": 1, ""13"": 1, ""14"": 1, ""15"": 1, ""16"": 1536, ""17"": 1}, ""prefill_allocations"": {""16"": 1536}, ""decode_allocations"": {""0"": 1, ""1"": 1, ""2"": 1, ""3"": 1, ""4"": 1, ""5"": 1, ""6"": 1, ""7"": 1, ""8"": 1, ""9"": 1, ""10"": 1, ""11"": 1, ""12"": 1, ""13"": 1, ""14"": 1, ""15"": 1, ""17"": 1}, ""heuristic"": ""EDF"", ""strategy"": ""Fixed"", ""history_phase"": ""multiple-child""}",train_root,,0.0,0,0.0,0.0
7,350,80,80,adversary,0,0.0,[],[],[],0.0,[],0,0.0,0.0,"AdversaryAction(requests=[], stop_decode_ids=[])","{""type"": ""adversary"", ""requests"": [], ""stop_decode_ids"": [], ""history_phase"": ""forced_step:single-child""}",train_root,,0.0,0,0.0,0.0
7,350,81,81,controller,0,0.0,[],[],[],0.0,[],0,0.0,0.0,"ControllerAction(token_budget=18, selected_request_ids=[0, 1, 2, 3, 4, 5, 6, 7, 8, 9, 10, 11, 12, 13, 14, 15, 16, 17], token_allocations={0: 1, 1: 1, 2: 1, 3: 1, 4: 1, 5: 1, 6: 1, 7: 1, 8: 1, 9: 1, 10: 1, 11: 1, 12: 1, 13: 1, 14: 1, 15: 1, 16: 1, 17: 1}, prefill_allocations={}, decode_allocations={0: 1, 1: 1, 2: 1, 3: 1, 4: 1, 5: 1, 6: 1, 7: 1, 8: 1, 9: 1, 10: 1, 11: 1, 12: 1, 13: 1, 14: 1, 15: 1, 16: 1, 17: 1}, heuristic='SJF', strategy='Fixed', mapping=None)","{""type"": ""controller"", ""token_budget"": 18, ""selected_request_ids"": [0, 1, 2, 3, 4, 5, 6, 7, 8, 9, 10, 11, 12, 13, 14, 15, 16, 17], ""token_allocations"": {""0"": 1, ""1"": 1, ""2"": 1, ""3"": 1, ""4"": 1, ""5"": 1, ""6"": 1, ""7"": 1, ""8"": 1, ""9"": 1, ""10"": 1, ""11"": 1, ""12"": 1, ""13"": 1, ""14"": 1, ""15"": 1, ""16"": 1, ""17"": 1}, ""prefill_allocations"": {}, ""decode_allocations"": {""0"": 1, ""1"": 1, ""2"": 1, ""3"": 1, ""4"": 1, ""5"": 1, ""6"": 1, ""7"": 1, ""8"": 1, ""9"": 1, ""10"": 1, ""11"": 1, ""12"": 1, ""13"": 1, ""14"": 1, ""15"": 1, ""16"": 1, ""17"": 1}, ""heuristic"": ""SJF"", ""strategy"": ""Fixed"", ""history_phase"": ""forced_step:single-child""}",train_root,,0.0,0,0.0,0.0
7,350,82,82,adversary,0,0.0,[],[],[],0.0,[],3,0.0,0.0,"AdversaryAction(requests=[AdversaryRequestSpec(prefill_tokens=3072, decode_tokens=5000, prefill_slo=0.3874467952163693, decode_slo=0.05), AdversaryRequestSpec(prefill_tokens=3072, decode_tokens=5000, prefill_slo=0.3874467952163693, decode_slo=0.05), AdversaryRequestSpec(prefill_tokens=3072, decode_tokens=5000, prefill_slo=0.3874467952163693, decode_slo=0.05), AdversaryRequestSpec(prefill_tokens=3072, decode_tokens=5000, prefill_slo=0.3874467952163693, decode_slo=0.05)], stop_decode_ids=[])","{""type"": ""adversary"", ""requests"": [{""prefill_tokens"": 3072, ""decode_tokens"": 5000, ""prefill_slo"": 0.3874467952163693, ""decode_slo"": 0.05}, {""prefill_tokens"": 3072, ""decode_tokens"": 5000, ""prefill_slo"": 0.3874467952163693, ""decode_slo"": 0.05}, {""prefill_tokens"": 3072, ""decode_tokens"": 5000, ""prefill_slo"": 0.3874467952163693, ""decode_slo"": 0.05}, {""prefill_tokens"": 3072, ""decode_tokens"": 5000, ""prefill_slo"": 0.3874467952163693, ""decode_slo"": 0.05}], ""stop_decode_ids"": [], ""history_phase"": ""multiple-child""}",train_root,,0.0,0,0.0,0.0
7,350,83,83,controller,0,0.0,[],[],[],0.0,[],21,0.0,0.0,"ControllerAction(token_budget=3090, selected_request_ids=[0, 1, 2, 3, 4, 5, 6, 7, 8, 9, 10, 11, 12, 13, 14, 15, 16, 17, 18], token_allocations={0: 1, 1: 1, 2: 1, 3: 1, 4: 1, 5: 1, 6: 1, 7: 1, 8: 1, 9: 1, 10: 1, 11: 1, 12: 1, 13: 1, 14: 1, 15: 1, 16: 1, 17: 1, 18: 3072}, prefill_allocations={18: 3072}, decode_allocations={0: 1, 1: 1, 2: 1, 3: 1, 4: 1, 5: 1, 6: 1, 7: 1, 8: 1, 9: 1, 10: 1, 11: 1, 12: 1, 13: 1, 14: 1, 15: 1, 16: 1, 17: 1}, heuristic='EDF', strategy='Fixed', mapping=None)","{""type"": ""controller"", ""token_budget"": 3090, ""selected_request_ids"": [0, 1, 2, 3, 4, 5, 6, 7, 8, 9, 10, 11, 12, 13, 14, 15, 16, 17, 18], ""token_allocations"": {""0"": 1, ""1"": 1, ""2"": 1, ""3"": 1, ""4"": 1, ""5"": 1, ""6"": 1, ""7"": 1, ""8"": 1, ""9"": 1, ""10"": 1, ""11"": 1, ""12"": 1, ""13"": 1, ""14"": 1, ""15"": 1, ""16"": 1, ""17"": 1, ""18"": 3072}, ""prefill_allocations"": {""18"": 3072}, ""decode_allocations"": {""0"": 1, ""1"": 1, ""2"": 1, ""3"": 1, ""4"": 1, ""5"": 1, ""6"": 1, ""7"": 1, ""8"": 1, ""9"": 1, ""10"": 1, ""11"": 1, ""12"": 1, ""13"": 1, ""14"": 1, ""15"": 1, ""16"": 1, ""17"": 1}, ""heuristic"": ""EDF"", ""strategy"": ""Fixed"", ""history_phase"": ""multiple-child""}",train_root,,0.0,0,0.0,0.0
7,350,84,84,adversary,0,0.0,[],[],[],0.0,[],0,0.0,0.0,"AdversaryAction(requests=[], stop_decode_ids=[])","{""type"": ""adversary"", ""requests"": [], ""stop_decode_ids"": [], ""history_phase"": ""forced_step:single-child""}",train_root,,0.0,0,0.0,0.0
7,350,85,85,controller,0,0.0,[],[],[],0.0,[],11,0.0,0.0,"ControllerAction(token_budget=1555, selected_request_ids=[0, 1, 2, 3, 4, 5, 6, 7, 8, 9, 10, 11, 12, 13, 14, 15, 16, 17, 18, 19], token_allocations={0: 1, 1: 1, 2: 1, 3: 1, 4: 1, 5: 1, 6: 1, 7: 1, 8: 1, 9: 1, 10: 1, 11: 1, 12: 1, 13: 1, 14: 1, 15: 1, 16: 1, 17: 1, 18: 1, 19: 1536}, prefill_allocations={19: 1536}, decode_allocations={0: 1, 1: 1, 2: 1, 3: 1, 4: 1, 5: 1, 6: 1, 7: 1, 8: 1, 9: 1, 10: 1, 11: 1, 12: 1, 13: 1, 14: 1, 15: 1, 16: 1, 17: 1, 18: 1}, heuristic='LJF', strategy='Fixed', mapping=None)","{""type"": ""controller"", ""token_budget"": 1555, ""selected_request_ids"": [0, 1, 2, 3, 4, 5, 6, 7, 8, 9, 10, 11, 12, 13, 14, 15, 16, 17, 18, 19], ""token_allocations"": {""0"": 1, ""1"": 1, ""2"": 1, ""3"": 1, ""4"": 1, ""5"": 1, ""6"": 1, ""7"": 1, ""8"": 1, ""9"": 1, ""10"": 1, ""11"": 1, ""12"": 1, ""13"": 1, ""14"": 1, ""15"": 1, ""16"": 1, ""17"": 1, ""18"": 1, ""19"": 1536}, ""prefill_allocations"": {""19"": 1536}, ""decode_allocations"": {""0"": 1, ""1"": 1, ""2"": 1, ""3"": 1, ""4"": 1, ""5"": 1, ""6"": 1, ""7"": 1, ""8"": 1, ""9"": 1, ""10"": 1, ""11"": 1, ""12"": 1, ""13"": 1, ""14"": 1, ""15"": 1, ""16"": 1, ""17"": 1, ""18"": 1}, ""heuristic"": ""LJF"", ""strategy"": ""Fixed"", ""history_phase"": ""multiple-child""}",train_root,,0.0,0,0.0,0.0
7,350,86,86,adversary,0,0.0,[],[],[],0.0,[],0,0.0,0.0,"AdversaryAction(requests=[], stop_decode_ids=[])","{""type"": ""adversary"", ""requests"": [], ""stop_decode_ids"": [], ""history_phase"": ""forced_step:single-child""}",train_root,,0.0,0,0.0,0.0
7,350,87,87,controller,0,0.0,[],[],[],0.0,[],20,0.0,0.0,"ControllerAction(token_budget=3091, selected_request_ids=[0, 1, 2, 3, 4, 5, 6, 7, 8, 9, 10, 11, 12, 13, 14, 15, 16, 17, 18, 19, 20], token_allocations={0: 1, 1: 1, 2: 1, 3: 1, 4: 1, 5: 1, 6: 1, 7: 1, 8: 1, 9: 1, 10: 1, 11: 1, 12: 1, 13: 1, 14: 1, 15: 1, 16: 1, 17: 1, 18: 1, 19: 1536, 20: 1536}, prefill_allocations={19: 1536, 20: 1536}, decode_allocations={0: 1, 1: 1, 2: 1, 3: 1, 4: 1, 5: 1, 6: 1, 7: 1, 8: 1, 9: 1, 10: 1, 11: 1, 12: 1, 13: 1, 14: 1, 15: 1, 16: 1, 17: 1, 18: 1}, heuristic='SJF', strategy='Fixed', mapping=None)","{""type"": ""controller"", ""token_budget"": 3091, ""selected_request_ids"": [0, 1, 2, 3, 4, 5, 6, 7, 8, 9, 10, 11, 12, 13, 14, 15, 16, 17, 18, 19, 20], ""token_allocations"": {""0"": 1, ""1"": 1, ""2"": 1, ""3"": 1, ""4"": 1, ""5"": 1, ""6"": 1, ""7"": 1, ""8"": 1, ""9"": 1, ""10"": 1, ""11"": 1, ""12"": 1, ""13"": 1, ""14"": 1, ""15"": 1, ""16"": 1, ""17"": 1, ""18"": 1, ""19"": 1536, ""20"": 1536}, ""prefill_allocations"": {""19"": 1536, ""20"": 1536}, ""decode_allocations"": {""0"": 1, ""1"": 1, ""2"": 1, ""3"": 1, ""4"": 1, ""5"": 1, ""6"": 1, ""7"": 1, ""8"": 1, ""9"": 1, ""10"": 1, ""11"": 1, ""12"": 1, ""13"": 1, ""14"": 1, ""15"": 1, ""16"": 1, ""17"": 1, ""18"": 1}, ""heuristic"": ""SJF"", ""strategy"": ""Fixed"", ""history_phase"": ""multiple-child""}",train_root,,0.0,0,0.0,0.0
7,350,88,88,adversary,0,0.0,[],[],[],0.0,[],0,0.0,0.0,"AdversaryAction(requests=[], stop_decode_ids=[])","{""type"": ""adversary"", ""requests"": [], ""stop_decode_ids"": [], ""history_phase"": ""forced_step:single-child""}",train_root,,0.0,0,0.0,0.0
7,350,89,89,controller,0,0.0,[],[],[],0.0,[],6,0.0,0.0,"ControllerAction(token_budget=1044, selected_request_ids=[0, 1, 2, 3, 4, 5, 6, 7, 8, 9, 10, 11, 12, 13, 14, 15, 16, 17, 18, 19, 21], token_allocations={0: 1, 1: 1, 2: 1, 3: 1, 4: 1, 5: 1, 6: 1, 7: 1, 8: 1, 9: 1, 10: 1, 11: 1, 12: 1, 13: 1, 14: 1, 15: 1, 16: 1, 17: 1, 18: 1, 19: 1, 21: 1024}, prefill_allocations={21: 1024}, decode_allocations={0: 1, 1: 1, 2: 1, 3: 1, 4: 1, 5: 1, 6: 1, 7: 1, 8: 1, 9: 1, 10: 1, 11: 1, 12: 1, 13: 1, 14: 1, 15: 1, 16: 1, 17: 1, 18: 1, 19: 1}, heuristic='LST', strategy='Fixed', mapping=None)","{""type"": ""controller"", ""token_budget"": 1044, ""selected_request_ids"": [0, 1, 2, 3, 4, 5, 6, 7, 8, 9, 10, 11, 12, 13, 14, 15, 16, 17, 18, 19, 21], ""token_allocations"": {""0"": 1, ""1"": 1, ""2"": 1, ""3"": 1, ""4"": 1, ""5"": 1, ""6"": 1, ""7"": 1, ""8"": 1, ""9"": 1, ""10"": 1, ""11"": 1, ""12"": 1, ""13"": 1, ""14"": 1, ""15"": 1, ""16"": 1, ""17"": 1, ""18"": 1, ""19"": 1, ""21"": 1024}, ""prefill_allocations"": {""21"": 1024}, ""decode_allocations"": {""0"": 1, ""1"": 1, ""2"": 1, ""3"": 1, ""4"": 1, ""5"": 1, ""6"": 1, ""7"": 1, ""8"": 1, ""9"": 1, ""10"": 1, ""11"": 1, ""12"": 1, ""13"": 1, ""14"": 1, ""15"": 1, ""16"": 1, ""17"": 1, ""18"": 1, ""19"": 1}, ""heuristic"": ""LST"", ""strategy"": ""Fixed"", ""history_phase"": ""multiple-child""}",train_root,,0.0,0,0.0,0.0
7,350,90,90,adversary,0,0.0,[],[],[],0.0,[],0,0.0,0.0,"AdversaryAction(requests=[], stop_decode_ids=[])","{""type"": ""adversary"", ""requests"": [], ""stop_decode_ids"": [], ""history_phase"": ""forced_step:single-child""}",train_root,,0.0,0,0.0,0.0
7,350,91,91,controller,0,0.0,[],[],[],0.0,[],8,0.0,0.0,"ControllerAction(token_budget=1556, selected_request_ids=[0, 1, 2, 3, 4, 5, 6, 7, 8, 9, 10, 11, 12, 13, 14, 15, 16, 17, 18, 19, 20], token_allocations={0: 1, 1: 1, 2: 1, 3: 1, 4: 1, 5: 1, 6: 1, 7: 1, 8: 1, 9: 1, 10: 1, 11: 1, 12: 1, 13: 1, 14: 1, 15: 1, 16: 1, 17: 1, 18: 1, 19: 1, 20: 1536}, prefill_allocations={20: 1536}, decode_allocations={0: 1, 1: 1, 2: 1, 3: 1, 4: 1, 5: 1, 6: 1, 7: 1, 8: 1, 9: 1, 10: 1, 11: 1, 12: 1, 13: 1, 14: 1, 15: 1, 16: 1, 17: 1, 18: 1, 19: 1}, heuristic='SJF', strategy='Fixed', mapping=None)","{""type"": ""controller"", ""token_budget"": 1556, ""selected_request_ids"": [0, 1, 2, 3, 4, 5, 6, 7, 8, 9, 10, 11, 12, 13, 14, 15, 16, 17, 18, 19, 20], ""token_allocations"": {""0"": 1, ""1"": 1, ""2"": 1, ""3"": 1, ""4"": 1, ""5"": 1, ""6"": 1, ""7"": 1, ""8"": 1, ""9"": 1, ""10"": 1, ""11"": 1, ""12"": 1, ""13"": 1, ""14"": 1, ""15"": 1, ""16"": 1, ""17"": 1, ""18"": 1, ""19"": 1, ""20"": 1536}, ""prefill_allocations"": {""20"": 1536}, ""decode_allocations"": {""0"": 1, ""1"": 1, ""2"": 1, ""3"": 1, ""4"": 1, ""5"": 1, ""6"": 1, ""7"": 1, ""8"": 1, ""9"": 1, ""10"": 1, ""11"": 1, ""12"": 1, ""13"": 1, ""14"": 1, ""15"": 1, ""16"": 1, ""17"": 1, ""18"": 1, ""19"": 1}, ""heuristic"": ""SJF"", ""strategy"": ""Fixed"", ""history_phase"": ""multiple-child""}",train_root,,0.0,0,0.0,0.0
7,350,92,92,adversary,0,0.0,[],[],[],0.0,[],0,0.0,0.0,"AdversaryAction(requests=[], stop_decode_ids=[])","{""type"": ""adversary"", ""requests"": [], ""stop_decode_ids"": [], ""history_phase"": ""forced_step:single-child""}",train_root,,0.0,0,0.0,0.0
7,350,93,93,controller,0,0.0,[],[],[],0.0,[],9,0.0,0.0,"ControllerAction(token_budget=1557, selected_request_ids=[0, 1, 2, 3, 4, 5, 6, 7, 8, 9, 10, 11, 12, 13, 14, 15, 16, 17, 18, 19, 20, 21], token_allocations={0: 1, 1: 1, 2: 1, 3: 1, 4: 1, 5: 1, 6: 1, 7: 1, 8: 1, 9: 1, 10: 1, 11: 1, 12: 1, 13: 1, 14: 1, 15: 1, 16: 1, 17: 1, 18: 1, 19: 1, 20: 1, 21: 1536}, prefill_allocations={21: 1536}, decode_allocations={0: 1, 1: 1, 2: 1, 3: 1, 4: 1, 5: 1, 6: 1, 7: 1, 8: 1, 9: 1, 10: 1, 11: 1, 12: 1, 13: 1, 14: 1, 15: 1, 16: 1, 17: 1, 18: 1, 19: 1, 20: 1}, heuristic='EDF', strategy='Fixed', mapping=None)","{""type"": ""controller"", ""token_budget"": 1557, ""selected_request_ids"": [0, 1, 2, 3, 4, 5, 6, 7, 8, 9, 10, 11, 12, 13, 14, 15, 16, 17, 18, 19, 20, 21], ""token_allocations"": {""0"": 1, ""1"": 1, ""2"": 1, ""3"": 1, ""4"": 1, ""5"": 1, ""6"": 1, ""7"": 1, ""8"": 1, ""9"": 1, ""10"": 1, ""11"": 1, ""12"": 1, ""13"": 1, ""14"": 1, ""15"": 1, ""16"": 1, ""17"": 1, ""18"": 1, ""19"": 1, ""20"": 1, ""21"": 1536}, ""prefill_allocations"": {""21"": 1536}, ""decode_allocations"": {""0"": 1, ""1"": 1, ""2"": 1, ""3"": 1, ""4"": 1, ""5"": 1, ""6"": 1, ""7"": 1, ""8"": 1, ""9"": 1, ""10"": 1, ""11"": 1, ""12"": 1, ""13"": 1, ""14"": 1, ""15"": 1, ""16"": 1, ""17"": 1, ""18"": 1, ""19"": 1, ""20"": 1}, ""heuristic"": ""EDF"", ""strategy"": ""Fixed"", ""history_phase"": ""multiple-child""}",train_root,,0.0,0,0.0,0.0
7,350,94,94,adversary,0,0.0,[],[],[],0.0,[],0,0.0,0.0,"AdversaryAction(requests=[], stop_decode_ids=[])","{""type"": ""adversary"", ""requests"": [], ""stop_decode_ids"": [], ""history_phase"": ""forced_step:single-child""}",train_root,,0.0,0,0.0,0.0
7,350,95,95,controller,0,0.0,[],[],[],0.0,[],0,0.0,0.0,"ControllerAction(token_budget=533, selected_request_ids=[0, 1, 2, 3, 4, 5, 6, 7, 8, 9, 10, 11, 12, 13, 14, 15, 16, 17, 18, 19, 20, 21], token_allocations={0: 1, 1: 1, 2: 1, 3: 1, 4: 1, 5: 1, 6: 1, 7: 1, 8: 1, 9: 1, 10: 1, 11: 1, 12: 1, 13: 1, 14: 1, 15: 1, 16: 1, 17: 1, 18: 1, 19: 1, 20: 1, 21: 512}, prefill_allocations={21: 512}, decode_allocations={0: 1, 1: 1, 2: 1, 3: 1, 4: 1, 5: 1, 6: 1, 7: 1, 8: 1, 9: 1, 10: 1, 11: 1, 12: 1, 13: 1, 14: 1, 15: 1, 16: 1, 17: 1, 18: 1, 19: 1, 20: 1}, heuristic='SJF', strategy='Fixed', mapping=None)","{""type"": ""controller"", ""token_budget"": 533, ""selected_request_ids"": [0, 1, 2, 3, 4, 5, 6, 7, 8, 9, 10, 11, 12, 13, 14, 15, 16, 17, 18, 19, 20, 21], ""token_allocations"": {""0"": 1, ""1"": 1, ""2"": 1, ""3"": 1, ""4"": 1, ""5"": 1, ""6"": 1, ""7"": 1, ""8"": 1, ""9"": 1, ""10"": 1, ""11"": 1, ""12"": 1, ""13"": 1, ""14"": 1, ""15"": 1, ""16"": 1, ""17"": 1, ""18"": 1, ""19"": 1, ""20"": 1, ""21"": 512}, ""prefill_allocations"": {""21"": 512}, ""decode_allocations"": {""0"": 1, ""1"": 1, ""2"": 1, ""3"": 1, ""4"": 1, ""5"": 1, ""6"": 1, ""7"": 1, ""8"": 1, ""9"": 1, ""10"": 1, ""11"": 1, ""12"": 1, ""13"": 1, ""14"": 1, ""15"": 1, ""16"": 1, ""17"": 1, ""18"": 1, ""19"": 1, ""20"": 1}, ""heuristic"": ""SJF"", ""strategy"": ""Fixed"", ""history_phase"": ""multiple-child""}",train_root,,0.0,0,0.0,0.0
7,350,96,96,adversary,0,0.0,[],[],[],0.0,[],0,0.0,0.0,"AdversaryAction(requests=[], stop_decode_ids=[])","{""type"": ""adversary"", ""requests"": [], ""stop_decode_ids"": [], ""history_phase"": ""forced_step:single-child""}",train_root,,0.0,0,0.0,0.0
7,350,97,97,controller,0,0.0,[],[],[],0.0,[],0,0.0,0.0,"ControllerAction(token_budget=22, selected_request_ids=[0, 1, 2, 3, 4, 5, 6, 7, 8, 9, 10, 11, 12, 13, 14, 15, 16, 17, 18, 19, 20, 21], token_allocations={0: 1, 1: 1, 2: 1, 3: 1, 4: 1, 5: 1, 6: 1, 7: 1, 8: 1, 9: 1, 10: 1, 11: 1, 12: 1, 13: 1, 14: 1, 15: 1, 16: 1, 17: 1, 18: 1, 19: 1, 20: 1, 21: 1}, prefill_allocations={}, decode_allocations={0: 1, 1: 1, 2: 1, 3: 1, 4: 1, 5: 1, 6: 1, 7: 1, 8: 1, 9: 1, 10: 1, 11: 1, 12: 1, 13: 1, 14: 1, 15: 1, 16: 1, 17: 1, 18: 1, 19: 1, 20: 1, 21: 1}, heuristic='SJF', strategy='Fixed', mapping=None)","{""type"": ""controller"", ""token_budget"": 22, ""selected_request_ids"": [0, 1, 2, 3, 4, 5, 6, 7, 8, 9, 10, 11, 12, 13, 14, 15, 16, 17, 18, 19, 20, 21], ""token_allocations"": {""0"": 1, ""1"": 1, ""2"": 1, ""3"": 1, ""4"": 1, ""5"": 1, ""6"": 1, ""7"": 1, ""8"": 1, ""9"": 1, ""10"": 1, ""11"": 1, ""12"": 1, ""13"": 1, ""14"": 1, ""15"": 1, ""16"": 1, ""17"": 1, ""18"": 1, ""19"": 1, ""20"": 1, ""21"": 1}, ""prefill_allocations"": {}, ""decode_allocations"": {""0"": 1, ""1"": 1, ""2"": 1, ""3"": 1, ""4"": 1, ""5"": 1, ""6"": 1, ""7"": 1, ""8"": 1, ""9"": 1, ""10"": 1, ""11"": 1, ""12"": 1, ""13"": 1, ""14"": 1, ""15"": 1, ""16"": 1, ""17"": 1, ""18"": 1, ""19"": 1, ""20"": 1, ""21"": 1}, ""heuristic"": ""SJF"", ""strategy"": ""Fixed"", ""history_phase"": ""forced_step:single-child""}",train_root,,0.0,0,0.0,0.0
7,350,98,98,adversary,0,0.0,[],[],[],0.0,[],5,0.0,0.0,"AdversaryAction(requests=[AdversaryRequestSpec(prefill_tokens=3072, decode_tokens=5000, prefill_slo=0.3874467952163693, decode_slo=0.05), AdversaryRequestSpec(prefill_tokens=3072, decode_tokens=5000, prefill_slo=0.3874467952163693, decode_slo=0.05), AdversaryRequestSpec(prefill_tokens=3072, decode_tokens=5000, prefill_slo=0.3874467952163693, decode_slo=0.05), AdversaryRequestSpec(prefill_tokens=3072, decode_tokens=5000, prefill_slo=0.3874467952163693, decode_slo=0.05), AdversaryRequestSpec(prefill_tokens=3072, decode_tokens=5000, prefill_slo=0.3874467952163693, decode_slo=0.05), AdversaryRequestSpec(prefill_tokens=3072, decode_tokens=5000, prefill_slo=0.3874467952163693, decode_slo=0.05)], stop_decode_ids=[])","{""type"": ""adversary"", ""requests"": [{""prefill_tokens"": 3072, ""decode_tokens"": 5000, ""prefill_slo"": 0.3874467952163693, ""decode_slo"": 0.05}, {""prefill_tokens"": 3072, ""decode_tokens"": 5000, ""prefill_slo"": 0.3874467952163693, ""decode_slo"": 0.05}, {""prefill_tokens"": 3072, ""decode_tokens"": 5000, ""prefill_slo"": 0.3874467952163693, ""decode_slo"": 0.05}, {""prefill_tokens"": 3072, ""decode_tokens"": 5000, ""prefill_slo"": 0.3874467952163693, ""decode_slo"": 0.05}, {""prefill_tokens"": 3072, ""decode_tokens"": 5000, ""prefill_slo"": 0.3874467952163693, ""decode_slo"": 0.05}, {""prefill_tokens"": 3072, ""decode_tokens"": 5000, ""prefill_slo"": 0.3874467952163693, ""decode_slo"": 0.05}], ""stop_decode_ids"": [], ""history_phase"": ""multiple-child""}",train_root,,0.0,0,0.0,0.0
7,350,99,98,controller,8000,-24.735538482666016,"[0.03433553874492645, 0.023385051637887955, 0.03324858471751213, 0.038324303925037384, 0.03306335583329201, 0.03441983088850975, 0.031424425542354584, 0.03764352202415466, 0.050714828073978424, 0.05615657940506935, 0.05201687663793564, 0.04878431558609009, 0.04291462525725365, 0.029818592593073845, 0.04204756021499634, 0.03258432075381279, 0.03810763731598854, 0.04916785657405853, 0.046664223074913025, 0.044036615639925, 0.06101825088262558, 0.061126817017793655, 0.04490360617637634, 0.034092824906110764]","[0.03433553382039796, 0.023385048283918353, 0.03324857994887855, 0.0383242984284256, 0.03306335109122464, 0.03441982595189177, 0.031424421035348586, 0.03764351662518311, 0.05071482080027237, 0.056156571350887426, 0.05201686917748502, 0.04878430858926519, 0.0429146191022812, 0.02981858831638228, 0.042047554184381525, 0.03258431608045038, 0.03810763185045188, 0.04916784952222479, 0.04666421638215955, 0.04403660932403259, 0.06101824213116496, 0.06112680825076208, 0.04490359973613698, 0.034092820016393174]","[true, true, true, true, true, true, true, true, true, true, true, true, true, true, true, true, true, true, true, true, true, true, true, true]",-32.77074335879619,"[0.08015625, 0.08015625, 0.08015625, 0.08015625, 0.08590625, 0.08590625, 0.08590625, 0.08590625, 0.04146875, 0.04146875, 0.04146875, 0.04146875, 0.01684375, 0.01684375, 0.01684375, 0.01684375, 0.0136875, 0.0136875, 0.0136875, 0.0136875, 0.0119375, 0.0119375, 0.0119375, 0.0119375]",4,0.08590625,0.03306335583329201,"ControllerAction(token_budget=1046, selected_request_ids=[0, 1, 2, 3, 4, 5, 6, 7, 8, 9, 10, 11, 12, 13, 14, 15, 16, 17, 18, 19, 20, 21, 22], token_allocations={0: 1, 1: 1, 2: 1, 3: 1, 4: 1, 5: 1, 6: 1, 7: 1, 8: 1, 9: 1, 10: 1, 11: 1, 12: 1, 13: 1, 14: 1, 15: 1, 16: 1, 17: 1, 18: 1, 19: 1, 20: 1, 21: 1, 22: 1024}, prefill_allocations={22: 1024}, decode_allocations={0: 1, 1: 1, 2: 1, 3: 1, 4: 1, 5: 1, 6: 1, 7: 1, 8: 1, 9: 1, 10: 1, 11: 1, 12: 1, 13: 1, 14: 1, 15: 1, 16: 1, 17: 1, 18: 1, 19: 1, 20: 1, 21: 1}, heuristic='SJF', strategy='Fixed', mapping=None)","{""type"": ""controller"", ""token_budget"": 1046, ""selected_request_ids"": [0, 1, 2, 3, 4, 5, 6, 7, 8, 9, 10, 11, 12, 13, 14, 15, 16, 17, 18, 19, 20, 21, 22], ""token_allocations"": {""0"": 1, ""1"": 1, ""2"": 1, ""3"": 1, ""4"": 1, ""5"": 1, ""6"": 1, ""7"": 1, ""8"": 1, ""9"": 1, ""10"": 1, ""11"": 1, ""12"": 1, ""13"": 1, ""14"": 1, ""15"": 1, ""16"": 1, ""17"": 1, ""18"": 1, ""19"": 1, ""20"": 1, ""21"": 1, ""22"": 1024}, ""prefill_allocations"": {""22"": 1024}, ""decode_allocations"": {""0"": 1, ""1"": 1, ""2"": 1, ""3"": 1, ""4"": 1, ""5"": 1, ""6"": 1, ""7"": 1, ""8"": 1, ""9"": 1, ""10"": 1, ""11"": 1, ""12"": 1, ""13"": 1, ""14"": 1, ""15"": 1, ""16"": 1, ""17"": 1, ""18"": 1, ""19"": 1, ""20"": 1, ""21"": 1}, ""heuristic"": ""SJF"", ""strategy"": ""Fixed""}",train_root,,6.0,22,14.803953308105228,36.80395330810523
7,351,101,82255,controller,8000,-24.69919204711914,"[0.034766145050525665, 0.023950690403580666, 0.03262529522180557, 0.039171431213617325, 0.03426184877753258, 0.03574693202972412, 0.031644292175769806, 0.0368625745177269, 0.0518403984606266, 0.053800374269485474, 0.05041857808828354, 0.04879860579967499, 0.04279082641005516, 0.029519833624362946, 0.042426787316799164, 0.03319370746612549, 0.03862597420811653, 0.047847386449575424, 0.047849174588918686, 0.04294778034090996, 0.06109510362148285, 0.06030487269163132, 0.044677864760160446, 0.03483356162905693]","[0.0347661436906289, 0.02395068946673632, 0.032625293945649315, 0.039171429681405384, 0.03426184743736164, 0.035746930631463336, 0.03164429093798602, 0.036862573075827146, 0.051840396432861084, 0.05380037216505443, 0.0504185761161333, 0.04879860389089085, 0.0427908247362686, 0.029519832469678518, 0.04242678565725219, 0.033193706167735475, 0.03862597269724044, 0.04784738457799875, 0.04784917271727207, 0.04294777866098406, 0.06109510123171448, 0.060304870332773264, 0.044677863012561346, 0.03483356026652313]","[true, true, true, true, true, true, true, true, true, true, true, true, true, true, true, true, true, true, true, true, true, true, true, true]",-32.769595914993104,"[0.071875, 0.071875, 0.089625, 0.089625, 0.086875, 0.086875, 0.08475, 0.08475, 0.0404375, 0.0404375, 0.0398125, 0.0398125, 0.0164375, 0.0164375, 0.017375, 0.017375, 0.0140625, 0.0140625, 0.014, 0.014, 0.0153125, 0.0153125, 0.0094375, 0.0094375]",2,0.089625,0.03262529522180557,"ControllerAction(token_budget=534, selected_request_ids=[0, 1, 2, 3, 4, 5, 6, 7, 8, 9, 10, 11, 12, 13, 14, 15, 16, 17, 18, 19, 20, 21, 23], token_allocations={0: 1, 1: 1, 2: 1, 3: 1, 4: 1, 5: 1, 6: 1, 7: 1, 8: 1, 9: 1, 10: 1, 11: 1, 12: 1, 13: 1, 14: 1, 15: 1, 16: 1, 17: 1, 18: 1, 19: 1, 20: 1, 21: 1, 23: 512}, prefill_allocations={23: 512}, decode_allocations={0: 1, 1: 1, 2: 1, 3: 1, 4: 1, 5: 1, 6: 1, 7: 1, 8: 1, 9: 1, 10: 1, 11: 1, 12: 1, 13: 1, 14: 1, 15: 1, 16: 1, 17: 1, 18: 1, 19: 1, 20: 1, 21: 1}, heuristic='LST', strategy='Fixed', mapping=None)","{""type"": ""controller"", ""token_budget"": 534, ""selected_request_ids"": [0, 1, 2, 3, 4, 5, 6, 7, 8, 9, 10, 11, 12, 13, 14, 15, 16, 17, 18, 19, 20, 21, 23], ""token_allocations"": {""0"": 1, ""1"": 1, ""2"": 1, ""3"": 1, ""4"": 1, ""5"": 1, ""6"": 1, ""7"": 1, ""8"": 1, ""9"": 1, ""10"": 1, ""11"": 1, ""12"": 1, ""13"": 1, ""14"": 1, ""15"": 1, ""16"": 1, ""17"": 1, ""18"": 1, ""19"": 1, ""20"": 1, ""21"": 1, ""23"": 512}, ""prefill_allocations"": {""23"": 512}, ""decode_allocations"": {""0"": 1, ""1"": 1, ""2"": 1, ""3"": 1, ""4"": 1, ""5"": 1, ""6"": 1, ""7"": 1, ""8"": 1, ""9"": 1, ""10"": 1, ""11"": 1, ""12"": 1, ""13"": 1, ""14"": 1, ""15"": 1, ""16"": 1, ""17"": 1, ""18"": 1, ""19"": 1, ""20"": 1, ""21"": 1}, ""heuristic"": ""LST"", ""strategy"": ""Fixed""}",train_root,,6.047570709673138,22,14.803953308105228,36.80395330810523
7,352,103,164391,controller,8000,-24.703561782836914,"[0.034793201833963394, 0.024144569411873817, 0.03274394944310188, 0.039244554936885834, 0.0343477725982666, 0.036010418087244034, 0.031731314957141876, 0.03702732175588608, 0.05193054676055908, 0.053447574377059937, 0.05058632791042328, 0.04862852022051811, 0.042298924177885056, 0.029923053458333015, 0.042238201946020126, 0.032794684171676636, 0.038884203881025314, 0.047624729573726654, 0.048385411500930786, 0.042359013110399246, 0.06163368001580238, 0.059985119849443436, 0.044378381222486496, 0.03485851362347603]","[0.03479320222280773, 0.024144569681710415, 0.03274394980904404, 0.03924455537547792, 0.03434777298213288, 0.036010418489691824, 0.03173131531176696, 0.03702732216969865, 0.05193054734092818, 0.05344757497438314, 0.05058632847576956, 0.04862852076398419, 0.04229892465061238, 0.029923053792749205, 0.042238202418068825, 0.0327946845381858, 0.038884204315590164, 0.0476247301059745, 0.04838541204167991, 0.042359013583798115, 0.06163368070461245, 0.059985120519829405, 0.04437838171845356, 0.03485851401305028]","[true, true, true, true, true, true, true, true, true, true, true, true, true, true, true, true, true, true, true, true, true, true, true, true]",-32.767537936315705,"[0.0725625, 0.0725625, 0.08925, 0.08925, 0.087, 0.087, 0.0855625, 0.0855625, 0.0405625, 0.0405625, 0.039625, 0.039625, 0.0164375, 0.0164375, 0.01725, 0.01725, 0.0135, 0.0135, 0.014, 0.014, 0.014875, 0.014875, 0.009375, 0.009375]",2,0.08925,0.03274394944310188,"ControllerAction(token_budget=534, selected_request_ids=[0, 1, 2, 3, 4, 5, 6, 7, 8, 9, 10, 11, 12, 13, 14, 15, 16, 17, 18, 19, 20, 21, 24], token_allocations={0: 1, 1: 1, 2: 1, 3: 1, 4: 1, 5: 1, 6: 1, 7: 1, 8: 1, 9: 1, 10: 1, 11: 1, 12: 1, 13: 1, 14: 1, 15: 1, 16: 1, 17: 1, 18: 1, 19: 1, 20: 1, 21: 1, 24: 512}, prefill_allocations={24: 512}, decode_allocations={0: 1, 1: 1, 2: 1, 3: 1, 4: 1, 5: 1, 6: 1, 7: 1, 8: 1, 9: 1, 10: 1, 11: 1, 12: 1, 13: 1, 14: 1, 15: 1, 16: 1, 17: 1, 18: 1, 19: 1, 20: 1, 21: 1}, heuristic='LST', strategy='Fixed', mapping=None)","{""type"": ""controller"", ""token_budget"": 534, ""selected_request_ids"": [0, 1, 2, 3, 4, 5, 6, 7, 8, 9, 10, 11, 12, 13, 14, 15, 16, 17, 18, 19, 20, 21, 24], ""token_allocations"": {""0"": 1, ""1"": 1, ""2"": 1, ""3"": 1, ""4"": 1, ""5"": 1, ""6"": 1, ""7"": 1, ""8"": 1, ""9"": 1, ""10"": 1, ""11"": 1, ""12"": 1, ""13"": 1, ""14"": 1, ""15"": 1, ""16"": 1, ""17"": 1, ""18"": 1, ""19"": 1, ""20"": 1, ""21"": 1, ""24"": 512}, ""prefill_allocations"": {""24"": 512}, ""decode_allocations"": {""0"": 1, ""1"": 1, ""2"": 1, ""3"": 1, ""4"": 1, ""5"": 1, ""6"": 1, ""7"": 1, ""8"": 1, ""9"": 1, ""10"": 1, ""11"": 1, ""12"": 1, ""13"": 1, ""14"": 1, ""15"": 1, ""16"": 1, ""17"": 1, ""18"": 1, ""19"": 1, ""20"": 1, ""21"": 1}, ""heuristic"": ""LST"", ""strategy"": ""Fixed""}",train_root,,6.074338269405302,22,14.803953308105228,36.80395330810523
7,353,105,251152,controller,8000,-24.7078800201416,"[0.034818511456251144, 0.024338776245713234, 0.0328613705933094, 0.03931581228971481, 0.03443216159939766, 0.03627399355173111, 0.03181695565581322, 0.03719090297818184, 0.05201820284128189, 0.05309437960386276, 0.05075204744935036, 0.04845655709505081, 0.041810549795627594, 0.03033023327589035, 0.042048320174217224, 0.03239879757165909, 0.039142172783613205, 0.047400690615177155, 0.04892516881227493, 0.04177618771791458, 0.062173839658498764, 0.05966402217745781, 0.044078659266233444, 0.034881703555583954]","[0.034818510872560375, 0.02433877583770271, 0.032861370042427764, 0.039315811630632164, 0.034432161022183584, 0.03627399294364092, 0.03181695512243995, 0.03719090235472076, 0.052018201969258826, 0.053094378713798886, 0.050752046598552876, 0.048456556282734486, 0.04181054909472365, 0.030330232767440204, 0.04204831946932734, 0.032398797028531934, 0.039142172127441414, 0.04740068982056117, 0.04892516799210289, 0.041776187017586675, 0.06217383861622858, 0.05966402117726172, 0.04407865852730735, 0.034881702970833844]","[true, true, true, true, true, true, true, true, true, true, true, true, true, true, true, true, true, true, true, true, true, true, true, true]",-32.76626730540856,"[0.07275, 0.07275, 0.0889375, 0.0889375, 0.0875, 0.0875, 0.0853125, 0.0853125, 0.0405, 0.0405, 0.0396875, 0.0396875, 0.016375, 0.016375, 0.017125, 0.017125, 0.0135, 0.0135, 0.014, 0.014, 0.015, 0.015, 0.0093125, 0.0093125]",2,0.0889375,0.0328613705933094,"ControllerAction(token_budget=534, selected_request_ids=[0, 1, 2, 3, 4, 5, 6, 7, 8, 9, 10, 11, 12, 13, 14, 15, 16, 17, 18, 19, 20, 21, 25], token_allocations={0: 1, 1: 1, 2: 1, 3: 1, 4: 1, 5: 1, 6: 1, 7: 1, 8: 1, 9: 1, 10: 1, 11: 1, 12: 1, 13: 1, 14: 1, 15: 1, 16: 1, 17: 1, 18: 1, 19: 1, 20: 1, 21: 1, 25: 512}, prefill_allocations={25: 512}, decode_allocations={0: 1, 1: 1, 2: 1, 3: 1, 4: 1, 5: 1, 6: 1, 7: 1, 8: 1, 9: 1, 10: 1, 11: 1, 12: 1, 13: 1, 14: 1, 15: 1, 16: 1, 17: 1, 18: 1, 19: 1, 20: 1, 21: 1}, heuristic='LST', strategy='Fixed', mapping=None)","{""type"": ""controller"", ""token_budget"": 534, ""selected_request_ids"": [0, 1, 2, 3, 4, 5, 6, 7, 8, 9, 10, 11, 12, 13, 14, 15, 16, 17, 18, 19, 20, 21, 25], ""token_allocations"": {""0"": 1, ""1"": 1, ""2"": 1, ""3"": 1, ""4"": 1, ""5"": 1, ""6"": 1, ""7"": 1, ""8"": 1, ""9"": 1, ""10"": 1, ""11"": 1, ""12"": 1, ""13"": 1, ""14"": 1, ""15"": 1, ""16"": 1, ""17"": 1, ""18"": 1, ""19"": 1, ""20"": 1, ""21"": 1, ""25"": 512}, ""prefill_allocations"": {""25"": 512}, ""decode_allocations"": {""0"": 1, ""1"": 1, ""2"": 1, ""3"": 1, ""4"": 1, ""5"": 1, ""6"": 1, ""7"": 1, ""8"": 1, ""9"": 1, ""10"": 1, ""11"": 1, ""12"": 1, ""13"": 1, ""14"": 1, ""15"": 1, ""16"": 1, ""17"": 1, ""18"": 1, ""19"": 1, ""20"": 1, ""21"": 1}, ""heuristic"": ""LST"", ""strategy"": ""Fixed""}",train_root,,6.101105829137465,22,14.803953308105228,36.80395330810523
7,354,107,338102,controller,8000,-24.712142944335938,"[0.034842051565647125, 0.02453329600393772, 0.032977521419525146, 0.03938518092036247, 0.03451500087976456, 0.036537643522024155, 0.031901199370622635, 0.037353307008743286, 0.052103348076343536, 0.052740830928087234, 0.050915706902742386, 0.048282742500305176, 0.041325703263282776, 0.030741389840841293, 0.041857149451971054, 0.03200606256723404, 0.03939983993768692, 0.04717531055212021, 0.04946841672062874, 0.04119928181171417, 0.06271553039550781, 0.05934162065386772, 0.04377872869372368, 0.034903135150671005]","[0.034842051630545504, 0.024533296049634546, 0.03297752148095057, 0.03938518099372309, 0.034515000944053756, 0.03653764359008082, 0.03190119943004325, 0.03735330707831924, 0.052103348173393585, 0.05274083102632469, 0.05091570699758028, 0.04828274259023879, 0.0413257033402579, 0.030741389898101594, 0.04185714952993607, 0.032006062626849976, 0.03939984001107484, 0.04717531063999107, 0.049468416812770845, 0.041199281888453815, 0.06271553051232459, 0.0593416207644001, 0.043778728775267915, 0.03490313521568316]","[true, true, true, true, true, true, true, true, true, true, true, true, true, true, true, true, true, true, true, true, true, true, true, true]",-32.76544775267217,"[0.0728125, 0.0728125, 0.0891875, 0.0891875, 0.08775, 0.08775, 0.0850625, 0.0850625, 0.040375, 0.040375, 0.0396875, 0.0396875, 0.016375, 0.016375, 0.0169375, 0.0169375, 0.0135, 0.0135, 0.014, 0.014, 0.015, 0.015, 0.0093125, 0.0093125]",2,0.0891875,0.032977521419525146,"ControllerAction(token_budget=534, selected_request_ids=[0, 1, 2, 3, 4, 5, 6, 7, 8, 9, 10, 11, 12, 13, 14, 15, 16, 17, 18, 19, 20, 21, 26], token_allocations={0: 1, 1: 1, 2: 1, 3: 1, 4: 1, 5: 1, 6: 1, 7: 1, 8: 1, 9: 1, 10: 1, 11: 1, 12: 1, 13: 1, 14: 1, 15: 1, 16: 1, 17: 1, 18: 1, 19: 1, 20: 1, 21: 1, 26: 512}, prefill_allocations={26: 512}, decode_allocations={0: 1, 1: 1, 2: 1, 3: 1, 4: 1, 5: 1, 6: 1, 7: 1, 8: 1, 9: 1, 10: 1, 11: 1, 12: 1, 13: 1, 14: 1, 15: 1, 16: 1, 17: 1, 18: 1, 19: 1, 20: 1, 21: 1}, heuristic='LST', strategy='Fixed', mapping=None)","{""type"": ""controller"", ""token_budget"": 534, ""selected_request_ids"": [0, 1, 2, 3, 4, 5, 6, 7, 8, 9, 10, 11, 12, 13, 14, 15, 16, 17, 18, 19, 20, 21, 26], ""token_allocations"": {""0"": 1, ""1"": 1, ""2"": 1, ""3"": 1, ""4"": 1, ""5"": 1, ""6"": 1, ""7"": 1, ""8"": 1, ""9"": 1, ""10"": 1, ""11"": 1, ""12"": 1, ""13"": 1, ""14"": 1, ""15"": 1, ""16"": 1, ""17"": 1, ""18"": 1, ""19"": 1, ""20"": 1, ""21"": 1, ""26"": 512}, ""prefill_allocations"": {""26"": 512}, ""decode_allocations"": {""0"": 1, ""1"": 1, ""2"": 1, ""3"": 1, ""4"": 1, ""5"": 1, ""6"": 1, ""7"": 1, ""8"": 1, ""9"": 1, ""10"": 1, ""11"": 1, ""12"": 1, ""13"": 1, ""14"": 1, ""15"": 1, ""16"": 1, ""17"": 1, ""18"": 1, ""19"": 1, ""20"": 1, ""21"": 1}, ""heuristic"": ""LST"", ""strategy"": ""Fixed""}",train_root,,6.127873388869628,22,14.803953308105228,36.80395330810523
